User,Text
@SaigonTếu,"Cùng Phương Nam chào đón show hài độc thoại tháng 12  này với:
📍Show Không Tếu Không Về (17.12): https://tinyurl.com/KHONGTEUKHONGVEInstagram
📍Show Hài Độc Thoại lớn TẾU NO-END (24.12 ) https://tinyurl.com/TEUNOENDYoutube"
@anhquochuynh3897,"thật sự là quá hay, cùng một clip, coi đi coi lại tới lần thứ 10 vẫn cười banh nhà 😂😂"
@kimkimnhung118,❤😂 Phương Nam xuất sắc 🎉🎉
@achihuynh8104,Set này hay quá dug là phương nam❤❤❤
@huynhtien123,Quá hay quá giỏi. ❤🎉
@ThuyNguyen-mo8lk,Cái này là hài độc hại chứ không phải độc thoại ah😅
@106-vanlebaovy7,khúc đầu cảm giacs hơi vô duyên ...
@Gfi-be9pd,"Khúc 8:12  nghe tên a Long mà PN thả miếng a Long a Long huyền thoại giống trong phim Cửu Long Băng Thất của Trịnh Y Kiện nữa thì quá xuất sắc luôn chứ khịa cái đầu của ảnh hoài thì hơi chán, chắc do mình khó tính. 😅😅😅"
@KimHuynh-t1o,Em thấy anh Nam nói chuyện rất duyên 😊
@jusethieu,Ông Long chuyến này về nổi tiếng hơn ông Nam luôn
@thucnguyenvan5783,Khán giả cười mất kiểm soát😢
@VanChau-o3j,Đậm chất hài và cũng vô cùng duyên dáng.
@GiaPhatt02,"3:00 Lông nhiều sinh lý mạnh -> men
Ủa sao mình cx lông mà mình bot ta :))"
@nguyenthanhtinh2774,Có thể là replay liên tục
@nmhung2025,"Tại sao cứ phải mang phụ huynh bạn vào đây để cười? Tôi thấy nó không phù hợp. Và tôi đã không thể cười.
Đồng thời tôi cũng không muốn xem tiếp các vìdeo khác của bạn."
@AnhTruong-np2df,Phần này hài dã man😂
@datho2938,omg
@OanhTu-n4u,"Hay quá em trai, các em diễn rất thu hút, cho em triệu like"
@khanhtrinhle4459,hh
@CLarkzzClarkzz,"Diễn nay kỳ quá,vừa ồn vừa có mấy cái miếng hơi vô duyên nx"
@thuho3146,Quá duyên. Xem hoài không chán
@tmga6117,Bạn này diễn ko hay :)))
@teamchayloanhquanh7625,Nam ơi là Nam =)) cười đé ra máo
@tuvu5288,Thật sự bây giờ mới hiểu gánh team là như thế nào. Ông này định 1mk gánh cả sg tếu thật hã😂😂😂
@voduykhanh20,"mình nghĩ nên mời anh Long ở show diễn sau là ok, ảnh hỗ trợ bạn Nam quá nhiều, và làm ảnh tổn thương nữa"
@NhanNguyen-uh2sf,Tôi sẽ không bao giờ coi Sài gòn tếu nữa .... ăn cơm không yên nổi ăn 1 muỗng mà sặc tới cổ họng 🥶
@khangvo-j5d,"""tên long mà ko có long ha"" hit hard🔥"
@duyetthaobui4851,11:06 xác nhận chuẩn nha 😂
@viethungnguyen6954,"Đỉnh, coi đi coi lại vẫn hay🎉"
@binhluong026,coi vui vãi
@thuhaotran17,Tích cực cái tiêu cực lên thì đó là hài chân chính
@p.p.p9226,coi đi con lại mấy lần nhưng vẫn buồn cười như lần đầu thì thật sự lần này anh Nam diễn rất hay nha 
@MozzareIIa30,"Cần nhiều hơn mấy cái roast khán giả nha :)))) những người bỏ tiền ra đi coi show này chứng tỏ họ có good sense of humor, cho nên trong 1 phạm vi nào đó thì roast + tương tác với khán giả rất hay, và mảng miếng này là vô hạn. Chúc Nam và SG tếu thành công"
@DungTran-yp9ce,"Nói nhỏ giúp mình  cái tiệm nào với Phương Nam ơi. Địa chỉ nữa nhé. Chúc các bạn luôn vui, khỏe và thành công."
@thisisTopwife,coi lại 6 lần rồi và chưa có dấu hiệu ngưng lại
@tranlenhan6422,2:09 có thể trở thành meme
@PINANDNA,Cười điêng luôn trời 😂😂😂
@Thuydao_95,"Mê cha Nam dữ chời,cái đoạn cuối ổng cảm ơn khán giả xong ổng phấn khích dữ luôn,chắc ổng cũng tự hào về bản thân lắm,diễn xong set rất ấn tượng,kiểu "" làm được rồi Nam ơi"" 😊😊 thấy ổng cưng dữ"
@Bác_Sĩ_Lụi,Chỉ có thể là Phương Nam mà thôi
@ThachNguyen-ic1vq,Trường hợp vk bạn bị nói xấu thì giải quyết bằg cách này còn trường hợp vk bạn nói xấu ng khác cho bạn nghe thì giải quyết sao mn ?
@quyenpham-xx1ky,tui không cần nghe nhạc tui cần nghe hài phương nam
@QuangThienLe-mi1pk,"mong Saigon Tếu ra thêm nhiều set của a Nam hơn, tại chỉ xem được mỗi a Nam mà thấy hài:))"
@LeHaoNguyen,"Xem đến lần thứ 4 mới để ý cái đoạn ""ĐỨAAAAAA NÀOOOOOO"" chính là mình cách đây hơn chục năm 😂😂😂 Đứa em gái mình đi làm thêm ở nhà hàng gần nhà bị mấy đứa khác bắt nạt, mình cũng ""ĐỨAAAAA NÀOOOOO!!! Ra chỉ mặt anh phang chết cả lò nhà nó!!!"" 🤣🤣🤣"
@blacktran1991,"hay quá Nem ơiiiiii
xuất...xuất...xuất video nhiều tí nữa Nem ơi :)))"
@ACHING-m3u,Kênh này giấu ông quá trời. Làm fan quên mất ông
@Thuydao_95,"Xem set này cười từ đầu đến cuối,Nam bnay đô con tóc tai ngôn ngữ hình thể rất okieee ấy"
@LinhNguyễn-b5o3x,ủa trọng phan ko làm ở sài gòn tếu nữa hả mn
@endykim7303,Mê ổng nhất trong sgt á❤
@nguyetangthi9430,Nam nói đúng ko tốt sao ngủ ngon vậy nên đành chấp nhận cho số phận đi nam ơi
@NhungĐinhThị-l4b,thak cha đen xì kia cà hẩy cà hẩy vc :)))
@KarradTruong,Nam TRAI BAO
@lecallion_marx8243,11:20 dark nhan tam
@nguyencau8814,Anh stephen vũ đâu anh
@ngocthemnguyenthi7088,👍👍
@nguyênnguyễn-v2m2i,mấy cái set như này anh la nó mới hài á :)))
@kcg4829,"set này hài thật sự, chỉ mong anh Nam bớt cười thì joke càng hay"
@TuấnHoàng-f5i,"Xem ông Nam k sót tập nào, làm hẳn playlist vừa làm việc vừa nghe 😂"
@su-bach083,khúc 11.6 là khúc mà tui cười chảy nước mắt nhất 😂😂😂😂🤣🤣🤣🤣🤣
@PhongPhungLe-sm2sp,Từ hôm nay tui sẽ cảm xúc lên
@posh68,Bé áo hồng ngồi đầu làm ô nam cảm xúc quá.
@SongSong-z4t,Hài hước quá! Cảm ơn Phương Nam Saigon đã mang lại tiếng cười cho mọi người.����
@tranhoangtuanh-88,Gay cấn
@tananhle697,Khán giả bị đười ươi nhập rồi
@hakoicute,Có khi nào mình có tính nam mạnh nên lần nào có đứa bạn kể bị bắt nạt/nấu xói câu đầu tiên mình cũng nói ĐỨA NÀOOOOOO - ĐỂ T XỬ LÝYYYYY=))))))))))))
@haonhat2592,"Bình luận thứ 1000, ko biết nói gì chỉ bình luận 1000 cho nó đẹp thôi nhưng chúc sài gòn tếu ngày càng thành côg nhé"
@Anhhoang-e7p,Bạn này cần ra nhìu sản phẩm hơn bạn này là 1 thiên tài
@thanhlonglenguyen2258,Set này phóng khoáng xem rất là thoải mái luôn 🎉
@nskhactuan,hay quá Phương Nam! 😆
@szz-x8z9h,😂😂😂 má cười ná thở
@nguyendang-uo1xw,"phương nam luôn đỉnh như vậy, ăn cơm tý phun ra hết luôn kkk"
@NgaNguyen-hw4pz,Xem Nam phát quên luôn vụ 88 trang 😂
@tramhuynh1892,cười muốn bịnh với cái set này:))))
@TrangThuy-xo9oj,Anh namm ko bh làm thất vọng luôn ý
@TrangThuy-xo9oj,Đỉnh quáaaaaaa ❤😂😂😂😂😂
@VuVu-so8wy,Tao cười điên luôn
@Mark-qh7gl,"Sài gòn không có Nam, không có Minh Ti. Sài gòn không tếu"
@Auto21Xanh,N tập tạ cái nhìn đô và men hơn hẳn
@duongkhanh-kp1ig,"Phương Nam ngày càng đỉnh, xem PN từ những tập đầu. Chưa bao giờ thấy nhàm chán, quá xuất sắc."
@wps2768,hợp lí
@mthu1312,Tui khoái ông này nha ❤
@ngocinhphuoc5958,Xàm xí đú. Tốn tiền mướn khán giả ngồi dưới để CƯỜI. Mấy người này bỏ vợ chồng con ở nhà mà vô ngồi cười mướn cho nó; được ba đồng ba cọc
@vuongtranquoc8317,😆
@vien-co-ma-than-ngoai-vuc,Tên Long ko có ô nên đầu ko tóc😅
@achihuynh8104,Ah nam mãi đỉnh 🎉🎉🎉
@HienTran-yl6yz,🎉🎉❤❤
@user-jl1zx9qo6s,coi mà muốn cười sặc sụa nhiều quá mém tắc thở luôn :))). Chúc team mình luôn thành công ạ. Phương Nam quá giỏi!
@thanhquy9472,Chúng Ta Của Tương 2025
@thanhquy9472,Chúng Ta Của Hiện Tại 2025
@VănPhúcVõ-f8b,11:06 ĐỨA NÀOOOO!!!
@TuoiNguoiYeu,Coi hoài không thấy chán luôn á trời
@aichomanhin,hi
@XuanTran-g4h,Đúng là phước mỏng thật🤣
@zerosdefi,zui
@TriPham-is9qy,Phương Nam mãi đỉnh
@BảoPhùng-i2c,Cái anh đầu trọc giống chú đầu trọc trên tiktok ghê á
@haibui110,Set này hay
@pearls.madsen,"Bế nguyên cái set của Nam cho người khác diễn cũng chưa chắc nhận được phản ứng tương tự. Tài diễn hài của Nam không chỉ nằm ở phần kịch bản thú vị mà còn ở diễn xuất có duyên nữa ❤
P/s: Nam dạo này... đẹp trai lên á bây ơi, đô con nhìn nó daddy gì đâu á. Standup comedian cũng có nhiều style, lần trước thấy Nam diện suit là biết có nghiên cứu nhiều òi, và style lần này khiến mình nghĩ đến Matt Rife ý ❤❤"
@hoangnhatrang,Rất hay
@angngocminh3830,"nam lên trỳnh thật nè bà con?
BÀ CON CÔ BÁC RA XEM THẰNG ÔNG CỐ NỘI PHƯƠNG NAM LÊN TRỲNH NÈ"
@KinSR-pk1yg,Thanh niên “đúng đúng” thì chắc là chuẩn rồi
@QuanNguyen-bw2uo,"lâu quá kh thấy anh trên mh, anh vẫn đỉnh vl=)) có điều trán anh bớt dài hơn r ạ? "
@NgocNguyen-tp3lg,Dạo này hơi ú nha 😂😂
@HoangTu-o1q,Duyên qua tr oiii
@BÌNHNGUYỄNKHÁNH-m7m,Nay ngồi xem với ny. Ny ngồi cười quá trời. + 1 fan cho hài độc thoại.
@Mạnh-e3t,"Đúng là ""Ai cũng bắt đầu từ đâu đó""."
@thuyhuynh7125,Bạn này diễn rất tự nhiên như kiểu đang tám chuyện với đứa bạn thân ák. Còn mấy bạn khác diễn kiểu như thuộc bài lên trả bài ák cũng vui nhưng nó chưa tự nhiên và thật sự bùng nổ
@Jacob..2k,Mà cái từ quan hệ với mẹ nghe nó tục quá a oi
@sangthanh4690,11:30 mặt chị gái hơi quạo nhe 🤣
@LamHaoNguyen-fx8fm,Thích nhất là xem ông này với ông tây chém gió nghe rất tự nhiên luôn
@GAPTV,Cảm giác anh Nam đợt này lẹo lưỡi vấp vấp hơi nhiều nha :3 nhưng anh Vẫn rất thông minh trong việc trình diễn của mình. !!!
@binhnguyen-mt3df,"Hay! Dễ thương, hợp vệ sinh, chịu nha...❤❤❤❤❤"
@toasfu479,tốn cái lều
@MaiUyênHoàng,"Thik cái cách anh Nam đổi giọng , nghe nó cuốn gì đâu luôn ý 😂"
@daha7306,"Nam làm chủ đề này đi 
- từ nhỏ tới lớn hâu như kg rất ít khi nói láo 
-Mà lúc yêu quen, là luôn luôn nói láo , nói  láo kiểu văn vảnh để phụ nữa ít bả bẻ kiếm chuyện lại (khai thác này đi)"
@quangcoijp,Xem đi xem lại mười mấy lần có thấy hay đâu
@TruongXumni,Vẫn rất dễ thương 😂
@laurapham2003,Rất vui rất hay nha bạn
@uhmmm2804,Set này cảm giác ông Nam ồn hơn thì phải=))?
@Thutrucc-008,Ông Long xem set này cười đủ tiền vé luôn
@TuNguyen-pb8os,Chuyên nghiệp luôn rồi nè
@Tomas7471,"Nam diễn hay quá, 10 điểm ạ 😂"
@yennguyen10493,Đứa nào? đứa nào??????????
@ThuThảo-0111,"Đúng là người học tâm lý có khác, ổng nói về tâm lý phụ nữ đúng quá hong cãi đc😂"
@vietanhbui7962,Ông khán giả đeo kính gay chắc 😂
@vohoangquan1977,hài độc thoại cứ PHƯƠNG NAM MÀ TIẾN THOI
@Kbang85742,mỗi lần mún coi cái j zui zui hài hài lm mìn cười thì tui sẽ coi saigon tếu =))
@GiaLinh-r2e7c,Cười bể bụng luôn á
@hanhtinhnhomataiuongnhoiso2002,"Ngủ là tốt đó
Nhiều cha ngủ là mở mắt dậy hôm sau salon 1sao"
@NguyenBaoNgoc-h8d,Bạn này nhìn kiểu giống kiểu Trấn Thành nhỉ. Miếng nhiều nhưng lời lẽ thì theo mình nên coi lại xíu vì bạn nhỏ và khán giả có lớn nhỏ nhưng bạn bị lố câu từ chút xíu. Còn lại bạn ổn
@ĐạtThành-n8s1i,Quá nhiều chất xám cho 12 phút này. Đẳng cấp
@aisonmasmusic,anh này vui tính quá
@QuynhNguyen-1507,Hâm mộ ❤
@LinhVN-j2d,"ơ ơ ơ, Xuất .......
moá ông Nam bậy"
@phihuy1260,Đoạn cuối body langue xong lại còn: Xuất xuất xuất...... .  :))
@quochuyle1154,cảm giác phương nam như gánh còng lưng cho cái team này
@onele92,Tuyệt
@quangdungtran2005,👏👏👏
@CrisNamm09,Hay a ơi
@nguyenthinhnguyenvan2961,Thích cái cách Nam lấy được tiếng cười của khán giả và đắc ý đấm tay vào không khí ở cuối video. Nhiệt huyết lắm
@baohonai,Thế thì anh Nam chỉ còn uống 1 lon redbull và ly cà phê thì thức tới sáng
@tomlikenew,Tôi đã coi và không thích Tôi sẽ coi nữa
@soncale2339,Tui xem lần thứ 4 rồi mà vẫn cừi điêng
@thienhuynh6053,"Lạc nhách luôn á, kiểu ko có duyên mà làm hài nó gượng lắm. Chẳng qua cò mồi ngồi dưới cười thuê vậy chứ tui thấy quá lạc"
@thuyduongnguyen5401,"Đang bị bệnh cảm. Coi hài em
Phương Nam cười hết sốt luôn."
@lediep2012,Set này hay lắm Nam ơi r🎉🎉🎉🎉
@tupham-p8d,HIẾU THỨ HAI!!!!!!
@LongNguyen-wj4ji,"Thần thái, cách diễn càng ngày càng tự nhiên, Tây hoá style như cách Nam ngày càng tương tác với khán giả, joke khán giả, lợi dụng những thứ xung quanh. Quá đỉnh. Mong SG Tếu về lại Đà nẵng để đi xem Nam ngoài đời 1 lần cho biết"
@lamle5647,phương nam số 1
@thinhhuynh4322,coi đi coi lại 5 6 lần r á trời
@Sunday_LieuQuynh,"Anh Phương Nam là trai thẳng mà, thấy trai là thẳng :))"
@ngalee7713,Coi ông nội Nam ổng diễn mà cười muốn đẻ luôn 😅😂😂😂
@HanPham-u9r,Khúc cuối bùng nổ đã thật sự
@hotliketeam,Nam lại level up rồi ❤
@chaubui7330,"Có thật đấy bạn… đi massage  một tiếng…. vừa làm chừng 5 phút là tôi cũng ngủ mất tiêu…. Đó là tôi đi lần đầu tiên ở Las Vegas, con gái nó dẫn đi,, toàn thân,,, Tới lúc người ta kêu mình dậy xong rồi mình mới giật mình ngủ lúc nào không vậy😂"
@vuhuynh6869-t8v,"""Phụ nữ ghét những thứ không có cảm xúc.
Phụ nữ không ghét những thứ không có cảm xúc""
Là sao? Là ông Phương Nam nói lộn hay như nào ai giải thích hộ cái?"
@VânThân-o3r,ko hay = mấy set trc
@phamtrang241,Nay body Nam ổn nha
@Tobiinyourside,"Nam có cái hay là khịa thẳng, rất nhiều nhưng mà cho cảm giác vui chứ khó thể nào tự ti hay buồn được"
@banlamduoc-bancothe6621,Hôm nay vui nhưng chỉ với phần cuối về chủ đề cảm xúc phụ nữa. Còn phần đầu nếu k xem Phương Nam nhiều thì k vui lắm. Logic chỗ Ba OK á 😂😂
@lindamisu83,Lên
@VănThậtNguyễn-n9u,Dí anh k tóc tới luôn...Nam nó nhay
@pear4348,đi ăn cưới coi mà cười ddais luôn á:)
@MingD2049,"video này Nam khá hay, nhưng hơi tội cho anh Long, đúng là hài kịch diễn ra trên bi kịch khi mình k phải là nạn nhân😅"
@vinhnguyentruong4237,"vẫn nhìn bạn ấy quá giống Trấn Thành hồi đầu thập kỷ trước, miệng cũng hoạt ngôn y như Trấn Thành lúc xưa. Chỉ mong bạn hãy luôn hề hước và không nhiều nước mắt như ai kia... Cảm ơn!"
@kenhgiaitri1864,❤️
@nguyentuan-xi5hh,Duyên dáng ❤
@MinhLe-x1v,Nhìn giống chuyên gia giao phối mà thằng nào nói gay ngáo v
@minhcao2612,"Long không lông ha, nảy số nhanh thật"
@VanQuanKenh,.
@Nimpo1205,Có gì đâu hay trời ! Vậy mà video dài 1 tiếng -_-
@thenormalboys,Phương Nam diễn Hài độc Hại hay quá
@lyo3740,không chỉ những ông bố hắt hơi vang trời mà còn có cả ông ngoại tui🤣
@HanNguyen-dp9cx,"hình như bố miền bắc sản xuất theo lô hay sao á, bố tui hắt xì y chang bác Nhân"
@yii.1501,"Tr đất cơi, đi coi show ảnh về cười bò lăn tới nhà luôn á -)))"
@doannguyen-t1x,Nam level up😊
@TuanAnh-sn2qz,r đặt cảm xúc vào sao đây khó thế
@Minhan-z8k4x,giờ cứ thích xem ổng diễn suốt
@TrươngThịYếnNhi-z7y,2:57 ông kia cười xã giao dữ vậy
@tungo231,❤❤❤
@TredecimSxcenti,"Nam thì quá hay rồi mà cho hỏi ai edit cái video cứ đoạn cười cái là quay xuống khán giả nhiều đoạn nó ko cần thiết á, ngta chỉ muốn coi Nam đâu cần coi cái khác. Coi vài phút mà thấy bực mình out luôn"
@nhienan-552,Cũng k biết sao mấy năm qua tui chỉ thích xem mỗi ông Nam.Từ giọng đến cách truyền tải cảm xúc.
@thucnguyen7137,Cảm ơn bạn!
@lehoanson2710,"ai đi xem hài độc thoại phải có máu hề, ai k có thì đi về chứ đừng toxic nhé."
@gamevideo240,cả set này chỉ ok mỗi joke cuối
@manhdao2870,set này peak quá ae ợ !!
@HangNguyen-en7cw,Ủa sao mà hết nhanh dzữ
@SáSùngVạnNinh,Phương nam rất là nam
@nguyetminh8092,"Không ai thấy ông Nam nhìn đô hơn, ngon hơn à ta. Ổng đi ra mà tui thấy wow luôn á 😂"
@phamluan1998,Xuất xuất làm tưởng xuất cái kia cml 😂😂
@QuyNguyen-gt4sq,Up level quá đỉnh 😂
@sharetogether7468,10:18 cảm xúc
@tramylenguyen3233,"Đúng là ""Ai cũng bắt đầu từ đâu đó"". Phương Nam ngày càng duyên và mảng miếng rất sắc sảo và nó rất ""đời"", ai cũng có thể gặp bản thân mình trong câu chuyện của Nam. Tuyệt vời lắm ạ!"
@Ron-um9lw,"Nam có set diễn này duyên quá. Tương tác khách rất duyên , vừa đủ và kiểu không bám sát vào kịch bản, tự nhiên cực kỳ."
@kaitoungo840,trông ổng béo lên nhỉ
@XINHTUOITOEIC,anh Long lời quá nha a Long. Được gọi tên quá chời lun 🤣🤣🤣
@phantom3214,👍👍👍
@lepka4036,a
@tambetta834,Tôi mong anh Long là người của ekip
@tinhthuonglon6545,"đây là set hay nhất của anh Phương Nam từ trước đến nay, quá đỉnh"
@thunguyen-ke4qq,Nam co duyen ghe ak!
@ng.vaan_9999,qua với nay coi 20 lần rồi mà k biết cuốn chỗ nào😂❤
@anhtran1885,chương trình của nhóm diễn ở sân khấu nào á mọi người ?
@Suong_Nho,Ông áo đen khúc cuối cười mà bẹo dạng luôn 😔😔
@hungngoc2264,.
@PhúTriệu-t7t,"Thề luôn mình cứ sợ nam sẽ hết hài, nhưng nam vẫn hài như ngày nào"
@alexandernguyen2604,Mình rất muốn đi xem show của sg tếu nhưng mà đến lúc làm thế nào để đi xem thì mình đi lính rồi
@khoaao4526,Maaaaaaaa anh Nammmmmmmmmm😂
@tienthanhnguyen4488,set này anh Nam diễn quá đỉnh
@BaoCypher0912,10 điểm anh ơi 😂
@lanchininh2909,Chồng tui hắt xì 1 cái cả xóm nghe
@Glonk01_de,tốn cái lều
@nhatthanhnguyen1820,Cười sặc cơm khi coi Nam
@phamhonghanh5307,Nam đẹp trai hơn trc nhiều á😂😂
@Tardigrades-dd1bd,"Lần đầu tiên trong sự nghiệp của m , IQ m có cải thiện .. cố lên cu"
@hehehekec3,1:25
@NhanSippo,Nét hài của Nam rất giống Matt Rife. Idol của mình
@TienNguyen-lb6fm,"Thích Nam lắm, có điều để ý Nam được mời vào những show có nghệ sĩ như ctr cuối năm đồ á, Nam nói ko à, ko có giao lưu vs khán giả. Muốn thấy Nam thật tự tin mạnh dạn hơn trong show cuối năm nay. Thật đấy"
@h277246,set này Nam crowd control tốt ghê
@NguyenTrung-md2xt,Level up!
@thanhthitran6781,Nam diễn set này đỉnh quá =))
@NatureAndAnimalsChannel2,xuất sắc quá! buồn là mở clip của Phương Nam ra xem
@HàMyTăng-d4b,Đỉnh
@sangbo2408,0:35. Mình có hắt xì kì lạ hơn nữa 😂 hắt xì + Pikachu -> Hắt xì chuuuuu
@Tuanminhhh-03,phương nam dạo này bị mập hả a e
@onelove-onepiece5696,Lượt view PN cao ngút
@trungdao5884,"Xuất ...sắc Nam ơi ❤ .thích SaìGòn Tuế
Có mấy bạn bên Acoustic q3 pk"
@Nguoikechuyen0h,Quan trọng trong stand up comedy vẫn là cái duyên trời cho
@EmDawg27,set này của anh Nam đỉnh quá luonnnn
@trangduy8662,Nam luôn rất dễ thương ☺☺!
@thanhdat-m1x,Nam quá hay.
@tuyentran9125,Duyên quá trời❤
@nobita581992,Có acoustic bar đi coi nữa kìa
@NoBSplz,PN giờ diễn cũng có nét Russell Peters phết
@phatran-s2b,"Chia sẻ của một fan ""chưa cứng"":
+ Rõ ràng là Nam có sự ""nâng cấp"" trong cách tương tác với khán giả. Nhưng có cảm giác là ""đã có kịch bản"" trước, hy vọng là các mảng miếng trong cách tương tác cho các đối tượng khán giả khác cũng được chuẩn bị một cách đa dạng hơn.
+ Sự tương tác khán giả trong set vừa rồi cho thấy Nam củng cố hơn sự tự tin trên sân khấu. Mà phong thái của một người tự tin thì chắc chắn sẽ lôi cuốn.
+ Set vừa rồi miếng thì hay, nhưng rời rạc, chưa thành một câu chuyện. Làm set diễn có cảm giác ""giả"", vì đi kiếm từng mẩu hay nhất ráp lại chứ chẳng liên quan nhau.
+ Hy vọng sắp tới Nam đi đâu đó nhiều hơn, để ý hơn, ""bày vẽ"" hơn, rồi tự xây dựng một được một câu chuyện vừa có miếng hài vừa có tính liên kết trong câu chuyện."
@LoiNguyen-cs3ym,ĐỈNH QUÁ 😂😂😂😂
@HươngLê-h8z8x,Khoái ông nam
@TrungkienTran-lc7qo,Khúc 4:18 này hơi vô duyên
@Tranthanhtamfw1,"2:11 nhìn thằng đó  gay chuẩn cmnr, thẳng đâu cần trả lời :v"
@Theoldday13,Lấy nỗi đau để thả miếng😂
@justanhthu_2,Đúng là người có học tâm lí có khác😂 hiểu phụ nữ ghê 😂
@vicxing,"cười tới nôi thương, set này anh Nam phong độ phết =))"
@HongThi-pe4cd,Em  khách có người đáng bậc cha chú không nên dùng chữ stop khi họ đang cười như vậy mâu thuẫn với mục đích talk show . Nhưng cảm ơn có những câu chuyện hài đáng yêu
@nobitaxuka6508,Miếng cảm xúc lên nghệ quá nha Nam ơi 😂😂😂
@Tony_G39,Ng Mỹ hacxi vô trong  vì lịch sự ! Họ ko muốn hơi mình văng ra ng khác ! Rat  lịch sự!
@TrânLêHuyền-u5u,Yeahhhh Anh Nammmmm mãi đỉnh
@tamtranthiminh2349,"Nay Nam đẹp ra nhỉ, show này của Nam hay quá cười ná thở😂😂😂"
@quangvo8283,Văng miếng liền tục quá đỉnh nam oi
@ChúKey2309,Anh Nam em muốn theo anh😂anh mãi đĩnh
@MinhSon-i4o,tao cười điên
@MinhNguyen-1212,"Set nay hay thật ngoại trừ việc Nam chọc Long trọc quá nhiều,người ngoài thấy mắc cười nhưng nếu bản thân mình là Long trọc mình sẽ thấy ko vui. Là một người hâm mộ hâm mộ Nam , hy vọng bạn sẽ ko dùng khuyết điểm của khán giả để tạo miếng như này, anh Long trọc cười ngượng trông khổ vl 😢😢"
@KongDinh,"quá đỉnh, Xuất Xuất Xuất Hóa đơn cho anh luôn em ơi. Nam ơi đỉnh quá"
@nguyentrungtinh1593,"Gì chứ thích thêm phần tương tác với khán giả, mà cái này phải khéo cực kỳ k là dễ phản cảm."
@manhtiennguyen4071,Đừng lấy khiếm khuyết của người khác để làm trò cười. Đó là nguyên tắc tối thiểu. Ok!
@huynguyen-pf9bl,anh Nam biết đây là tháng 11 nên cho quả chốt phá record :') em suýt rồi nha
@AnhHồKỳ-i2w3t,Cười k nhặt đc mồm 😂
@ThuPham-ce1bn,"Phương Nam nói câu nào đắt giá câu đó, xuất sắc luôn"
@TTH1973,Tuyệt vời . . Phải phương nam  quê gốc Phú thọ không
@khoanguyen12049,cái đoạn tao rất gay nghe cười mệt thiệt 😂 Phương Nam duyên quá ❤
@Ryo.Monster102,Ảnh đụng anh long quài luôn cười ỉa😂😂😂
@bxssvdrgn,méee hay qué
@LasioneKettara,"Great video, I learned so much."
@HuỳnhÂnPhan-u2t,Càng ngày ảnh càng thăng hạng về nhan sắc lẫn tiểu phẩm hài của anh😊😊😊
@QuốcCườngLê-x1h,Nam nãy diễn lên trình quá em..
@linhcnc,😁😁😁😁😁😁
@MinhNgô-z6e,Sói thật:)🐺
@namphuc-3143,Big bang Phương Nam🎉🎉🎉
@Marykim1369,Mắc cười nhất ông tên Long mà ko có lông 😂😂😂😂
@Leaf9999,Quá hay🎉
@Waiwai-m8e,Đang ăn cơm mà xem tới khúc cuốn muốn sặc cơm😂
@sangngoc1997,xem mà cuốn quên cả tg
@TuyetTran-jx6xn,Con quên đoạn ba đứng đợi đèn xanh ở ngã tư Nguyễn Biểu - Trần Hưng Đạo ổng hắt xì mà có cô kia kế bên giật mình bỏ xe đạp chạy lên lề đường luôn.
@HoaNguyen-on9ri,Há..há…há…❤
@yennhiphamnguyen8602,"Đàn bà ai vậy, đàn ông ai biết."
@thtjv,"Vô tình thấy trên Utube, lần đầu xem hài độc thoại này. Bạn Nam này có duyên thật, dễ thương. Nói câu nào khán giả cười câu đó là nhất rồi. 
Thấy vài bạn cmt so sánh ndung blabla...qtrong hoá quá! 
Qtrong nhất là đem tiếng cười, vẫn có ndung truyền tải thông điệp mà."
@aimy1212,Ông Long xem set này cười đủ tiền vé luôn
@VietHoangHT,"Hay nhưng phần nói về comment đcm thì không ổn Nam nhé, chuyện đó không thể mang ra giỡn"
@TinaHoang-g4z,tui cười điên lun á :)))))
@thanhdungtran2502,Lâu thiệt lâu mới gặp lại Phương Nam. Cố gắng sx show về lại ĐN lần nữa nha SG Tếu
@quangtruongvy6399,Xuất hoá đơn kiểu đó nhân viên nó đẻ luôn đó ba :)))
@Hwx0suy,a Nam h đẹp zai v vs trông h đô vcl
@nguyendangduclinh124,tóc ngắn dễ thương zậy. Muốn nghe tóc ngắn hắt xì :v
@phuongpipiNguyen,tích phước cả năm diễn show này cạn phước :)))
@lienpham-ve9rp,cả team tui coi mỗi ô nam . ng khác là lướt qua hết😂
@Minhbảo156,Ở 11:30 ai quen thế m.n
@KiGimart,hg
@HoangPhuc994,Nam tập gym đúng hong
@ngocnguyenanh4888,quáooooooooo.....anh Nam càng ngày càng mặn luôn á. Sẽ sắp xếp đi coi show có anh ạ 😆😆😆
@rophuoc6180,👍
@MaiMai-gi8kc,"Đoạn cuối cắt shorst xem cho đã, xem đj xem lại vẫn thấy hài😂😂😂"
@-BuiTanphat-fe2bp,Cạn Lời
@lapxuan9510,😆😆
@tranthong7337,nhạt dần
@nguoitudovn,"Set diễn quá hay nhưng sao mỗi lần mình nghe Nam nói tục mình lại ko thích nhỉ, lâu lâu 1-2 từ cần thiết trong 1set thì ổn chứ dùng nhiều quá kiểu thô á, có ai giống mình ko hay mình già rồi 😅😅😅"
@baochau3063,Coi ông Nam là đỉnh nhất
@hoangphan5196,Ko biết Nam có hay xem tham khảo dv hài độc thoại Max Amini ko mà cách truyền đạt mảng miếng cả cảm xúc cũng như cách trêu khán giả hơi giống ổng nhưng lại vẫn giữ đc màu riêng của Nam. Set này hay ko phải bàn kkkkk
@ThảoNguyễn-w1i3b,"Thích Sài Gòn Tếu qw, mong ra nhiều video hơn ạ"
@datmit99,"Đứa nàoooo, Đứa nàoooooooooo.... Xuất xuất, hoá đơn.... =)) cười chải nước miếng"
@HaMy-TSH2,Hài mà hết nhanh quá thấy tiếc lun á
@Annguyen08titinni,chưa bh thất vọng về mảng miếng của Nam
@minlously,500K views oiiii 🎉 5M views leggooooo 🔥🔥🔥🔥🔥
@nghiatran5676,Phong độ còn nhưng set này Nam hơi ồn. Tiết chế lại tí😊
@PhúckỳVân-e4l,Có tóc là đc. Ác vừa. 😂😂😂
@Andy.TuanDung03,"Lên level quá anh Nam,xem anh Nam ngồi cười rồi sặc cả cục đòmmmm raaa ngoàiiiii"
@siumi8889,"khúc cuối cười mệt, vì đúng tâm li, mà còn hài chúa nửa"
@macan8524,"A Long đã đánh giá Nam 5 Sao 😅. Ok, hôm nay bạn diễn hài khá hài."
@huyhoangwistock1991,"Đẳng cấp khác biệt với phần còn lại. Không uổng công mong chờ, đợi ngày các bạn về HN nhé !"
@clashofclansvina3402,Mướn người cười hay ghê ta. Mày nói chuyện ý nghĩa ghê ta.
@phamacloc7284,Hơ hơ hơ hơ xuất xuất xuất … hoá đơn luôn cho anh em ơi 😂😂😂
@dungtuan,dạo này tập gym nên thấy gồ ghề
@huynhmy7096,Xuất xuất hóa đơn luôn em êi😂
@datbui3630,Dân chơi áo khoát mà nay ko thấy mặc áo khoát
@Camnga-q1c,Siêu đỉnh xịn xò nhịp điệu rất cuốn thật sự
@datle1402,Thất vọng với set lần này của PN. Đùa giỡn quá đà thành ra vô duyên. Lấy tục tĩu ra làm trò cười chứ không sâu sắc và thông minh như nhiều lần trước.
@Henrixsound,Tiểu phẩm lần này hay nha 👌
@TraderNhaNgheVlog,"Phong Lê hài đậm chất hơn, dù bựa hơn"
@HátThảGaPlus,"cười điên, xem ông ni mới cười được mấy người còn lại cười không nỗi luôn trời"
@havanaquan6086,Đã quá nam ơi cười méo mẹ hàm rồi
@DungTran-tu4kt,Sao có duyên dữ vậy chời :D
@DungTran-lv3lr,nay ảnh ồn ào 😆
@nguyenhungvi2328,quá nhiều hits
@HUỲNHMINHPHÚC-b2l,Là do lên youtube bị cut hay show bạn diễn ngắn thật vậy 😢 muốn đi coi mà nghĩ thấy bạn diễn ngắn quá cũng tiếc
@TrườngTrần-p8d7k,Hay quá a Nam ơi❤. Chúc team mình thật nhiều sức khoẻ và càng ngày phát triển hơn nữa❤.yêu sg tếu❤
@tuntra020,Ảo lòi thế
@thanhhangnguyenduc6528,Sau set này của Phương Nam mình quyết định không ủng hộ SG Tếu nữa. Vừa đẻ mổ về xem xong bung hết cả chỉ =)))
@thadyleng1808,Tội anh Long thật sự mà mắc cười quá :)))
@h4sr24,Khứa này hài
@vănđến-x8x,ĐỨA NÀOOOO lm tui cười bể bụng thiệt luôn
@nguyentrinhthetam1969,"Hài độc thoại, dễ ợt"
@Bilongvadamme,"Phương nam có thể nói đây là buổi biểu diễn coi đã nhất trong các buổi diễn từ trước cho đến nay , cố lên em nhé anh trong chờ phần diễn tiếp theo của em sẽ tốt và hay hơn như thế"
@hngthammm,"dạo này anh Nam đẹp trai hẳn ra luôn chài, xem video của anh Nam k cười cũng uổng lắm"
@DatNguyenQuang-m7d,Ổng diễn một hồi mà có người lên cơn động kinh luôn
@hienthuong9825,"Xuất sắc luôn , xem cười từ đầu tới cuối luôn. Mong có cơ hội đc xem set của Nam diễn 1 lần ❤"
@ngocpham2326,"Haha, thấy hơi hướng nhẹ của Matt Rife trong này, roast người khác siêu hài nma cũng khéo. Keep it up bro❤"
@ydctttytumt1457,"Bạn này quá duyên, có nét của Trấn Thành, thông minh, nhạy bén, nhưng lại quá hợp lý"
@cookiesfamily93,Cười sặc sụa từ đầu tới cuối
@ceciliale1952,This guy is quite good....I had a good time laughing....
@NhậtMinh-g2h1d,a nam vs katt william ai hon
@vuhuy4609,hay mà nói nhanh qá
@lannadao,"Coi chưa đã nữa Tếu ơi, Nam có thể nào kéo cái miếng dài thêm chút để cười cho đã đc k, chứ đang cười cái kết ngang 😂"
@tuananh-ci7si,"Má cái thằng , 2h đêm cười đái ra quần"
@Quachtoan-k4k,Xem thích ngọt ngào cách diễn đạt cực cuốn đúng không !!!
@kyonguyen6557,Luôn ủng hộ Phương Nam nhé
@kimthungo,Anh Nam đỉnh quáaaaaaa x 1000000000 x 100000 bao giờ Sài Gòn Tếu ra hn típ dị 😢
@phuocnguyen5313,"cười muốn rụng hàm, Phương Nam tài năng thực sự"
@nhokucuong8535,tập này zui mà ít quá 😂 dài hơn đi 😂
@phuongkhanhrosalinenguyen6460,"Khuya rồi mà coi set tập này của anh Nam ta nói cười khùng 🤣🤣🤣. Biết Sài Gòn Tếu lâu rồi nhưng mà đến bây giờ vẫn quen coi hài của anh Nam và 1 mình anh Nam, quen rồi mà công nhận ổng diễn càng lên tay. Coi đến đâu là cười đến đó."
@btk4707,Set của Nam vẫn luôn luôn rất là tự nhiên . Mong chờ 1 ngày có cơ hội được trực tiếp xem set của Nam 1 lần trong đời <3
@ntnchanel15,"""mà cái khổ của trai thẳng là khi nói tao là là trai thẳng nó rất gay"",""nhưng khổ 1 cái nữa là tao là gay nhưng nó rất thật""
Nghe xong đoạn này cười phun cơm luôn 🤣"
@monokeliest3572,Dùng triệt để anh đầu trọc luôn hay thật =)) mỗi lần đá qua ảnh mình cười quá tr
@hains92,Nghe là thấy phước bro nó mỏng hơn tờ A4 lun =))
@firefox3173,9:57 nhỏ cười hay mếu vậy? 😅
@VanQuanKenh,.
@HọcHỏivàChiaSẻ,11:31 có nhóm nhạc phòng trà đi xem SaiGon Tếu
@uyenphanhatholangtang596,"Có ai như tui ko, mới 3 phút mà cười mệt phải dừng lại thở cái 😂"
@HoaLe-kb6nf,Phương Nam đúng là một cái gì đó 😂
@lethao7761,đỉnh! đột phá! quá xuất sắc anh Nam ơi
@myblue11,Không lẽ bé Trợ lý của Nam tên Trang
@QuangVo-VQ,Phương Nam đúng là ở đẳng cắp khác biệt
@Commander730,"mé tập này Phương Nam đỉnh, cười từ đầu tới cuối như coi show nc ngoài.
Mình ko có ý đánh giá thấp, chỉ là thấy vui vì hài độc thoại VN lên level quá =))"
@ongnguyen4625,"mình xem rất nhiều set của Nam và đều thích nhưng set này mình ko thích nhất.Vì tất cả các set khác của bạn đều duyên dáng và ko động chạm đến người khác,còn set này lại gây cười quá nhiều bằng việc mang ngoại hình của 1 khán giả ra đùa cợt- nó là 1 kiểu gây cười khá phổ thông và nói thật là khá thô + phản cảm.Mang người khác ra đùa chắc là vui,may ông anh vui tính ko cọc đấy ko thì chắc họ bỏ về rồi."
@phamminh9929,Cứ Nam là vô xem. Còn của mấy nữ thì thấm ko nổi
@PhúRocket40,"show này máu quá, tui thích như vậy"
@burberryliquis717,"dạo nay pnam level up quá, muốn cưới pnam luôn í"
@trinhthanh9576,Khán giả đang cười mà kêu stop :)))) ko có hỗn nha
@vngaming8315,Đúng là đàn ông có khác anh này sử dụng hết 2 đầu trên lẫn đầu dưới để tư duy hài nè 😂😂❤❤
@vuongnguyenvan6431,Sắp làm gym chúa rồi nhìn hơi đô r đó
@ThaiNguyenDang-fe9hq,=))))))))
@gaunaubeobeo,"Trời ơi tui xem cười cười rung bàn luôn, cảm ơn saigonteu nhaaa❤❤❤"
@phuc86duongminh79,Lần 5 coi rồi vẫn cười❤❤❤
@ManhLv-r8n,"Anh ơi body shaming không vui nha anh!! Khán giả đó anh!!🙂‍↔️
Cho dù nó không phải ý xấu nhưng người bị trêu không vui nha"
@10.othaihoang3,"Set này quá xuất sắc luôn, dg ăn mà cười bể bụng"
@Toikhongcoytuonggi,em xuat r
@huuphuoc7614,Để ý mấy ông tên Long đa số ông nào cũng đầu trọc 😂😂
@AnhBao-z8g9y,Ông Nam diễn mắc cười vcl coi tập nào cũng cười muốn xỉu
@GailH-x8k,"mọi người nên thử đi xem nhóm diễn trực tiếp 1 lần. Hay hơn coi phát lại trên youtube nhiều. 
Nếu mọi ng thấy clip này vui thì xem ngoài phải vui gấp đôi. Thề"
@quandum,Nam kỳ này mình thấy cứ gồng gồng quyết tâm chứng minh nam tính thì phải...
@angle5421,hài nha
@syanh5277,Quá hay luôn Nam
@camvannguyen8676,bạn gái của Phương Nam chắc cười suốt ngày quá :))))
@alden.502,"Nay Nam cứ thích var var ý nhỉ, nghe hài cực :))"
@TrinhMiuMi,T chỉ thix xem Phương Nam ❤❤❤
@HoaK-y5z,Kkk
@ngthgiamy6374,Kh ấy mình ra 1 tập cỡ 48h coi mới đã sốp ơi😂
@nhanne1427,A Nam nay đẹp troai thế ❤❤🎉🎉🎉
@kumatojiduong4538,"tính ra từ lúc ổng lên sân khấu là đã cười rồi, kiểu nhìn vô ổng là tự nhiên cái miệng nó nhếch lên rồi cười, thêm vài miếng tự nhiên nữa là cười thành tiếng lun r á, phải nói là a Nam ảnh hợp với hài độc thoại cực kì 😆"
@dnmtam,"Coi Saigon Tếu mình chỉ thích Phương Nam v Uy Lê, diễn là phải có duyên mới cười được, ko phải cứ cố tình quăng ngôn ngữ tục là có thể cười được. Nhất là nữ mà quăng miếng tục quá đâm ra …lố."
@linhtuti3144,Đỉnh! Clip hay nhất của Nam luôn! Nét quáaaa!!
@ngocvan4099,12:13  khứa áo đen giãy dữ dza
@inginglazy118,Nam dạo này tập gym nhìn mlem nhỉ 🌝
@thuhapham6792,đáng yêu quá luôn
@khangkhang1016,Matt rife Vietnammmmmmm
@ChuongNguyen-xy3rp,"""đứa nàoooooo?"""
@trale8631,Phương Nam là người duy nhất làm mình tua đi tua lại khúc cuối xong cười như khùng =))
@huxufamily,Set này vui quãi =))
@khanhmiennamofficial1204,Ê càng ngày ổng càng khéo luôn á :)))
@Parkzex.V,Tới nay mới xem đc set diễn này thật sự đỉnh cao
@Gumball_N18,Kẻ thù của hội người đầu trọc😂😂😂
@Gumball_N18,"Mình sống trong thời đại phải đi chứng minh là bản thân thẳng, dù nó là sự thật, trong khi ngta mặc định mình gay😅😅😅Lăng kính xã hội h khó nói thật😂😂"
@NguyenThang-os9do,Chống chỉ định xem khi đang ăn
@trishlam9571,Đang đợi có người yêu để đi coi Sài Gòn tếu :)))
@buudieptruong7060,"Set này của anh Nam vẫn hay, vẫn vui, anh đang level up theo hướng thế giới. Nhưng mà chắc do e thích phiên bản Nam cũ hơn, so với các set ""bến Phú Định"", ""Con nít"", ""Đất rừng"" thì set này thiếu cái chất riêng của anh. Có lẽ là do anh thoải mái tự nhiên quá nên ít thấy được phần công phu của anh, lần này tình huống cười mang tính ứng biến bộc phát nhiều nên phần delivery cũng không bằng mấy set trước (hoặc do set này bị cắt). Mấy set trước dù coi lại mấy lần, biết trước miếng mà vẫn mắc cười"
@giaphudailyvlog279,dở xàm
@DinhThanhTrac,Anh Nam diễn set này hay quá
@christinenguyen2410,"Nay anh Nam hết bận áo khoác rùi. Phong thái diễn cũng thoải mái hơn, style rất nước ngoài nhe 👏🏻"
@ladybug72103,Trên cả tuyệt vời nha Nam❤
@thuynganle9734,sao bữa nai anh đẹp zợ Phương Nammmmmm
@bgem.entertainment,ảnh vẫn xịn 😆
@18lekimngan69,"ê thật sự phải nói coi set này nó nhẹ nhàng mà relax, dễ hiểu mà dễ dính miếng cực kì. sau một ngày mệt mỏi rồi đôi khi đầu óc kh muốn tập trung quá nhiều thứ thì set này nó lại hợp lí đến lại lun á"
@KhanhKhanh-i9g,Đợi lâu lắm mới có clip anh Nam
@Rilcf,Quá duyên dáng haha😂
@nguyenthanhthuy6915,Càng ngày càng thích PN 👍
@vanngo1827,"Long không lông, cừi mún quặn ruột lun quá"
@anghanhvo8633,ghẹo miết ông anh đầu đinh ổng bay lên sân khấu luôn 😂😂😂
@seaturning_blue,má hài ná thở tr ơi=))))
@bangphamhuy7930,"Xem tập này mà cười từ đầu đến cuối, đang ăn cơm mà đau dạ dày luôn"
@nhatminhnguyen6092,xuất xuất xuất ... xuất hóa đơn cho a e ơi
@datmit99,"ko uổng công chờ đợi, anh Nam tương tác với khán giả và làm chủ sân khấu quá đỉnh. Chị Huyền Khanh khúc cuối ra chào khán giả xinh gái quá"
@nguyenanh3884,"Mình khá chắc là khán giả thích PN ở cái cách kể chuyện, cái vụ ồn nó đang hơi không hợp lắm"
@ienchinhquoc4333,"thấy ghẹo a không có tóc không có dui nha, bị kém duyên â"
@quocviethuynh5582,mong lần sau Phương Nam diễn 30p
@nguyenphat9744,"Nếu mà ai đem xem trực tiếp set diễn thì 8:10 a Nam joke câu siêu mat day😂😂😂 ""tưởng anh tên lộc ,lộc đầu trồn"""
@TheWhiteAllTheTime,Tôi cười chếc  Đứaaaa Nàooooo
@nguyenchi3383,Anh Nam mãi đỉnh thở thoi cũng đủ làm ngta cười
@thuho3146,Tuyệt vời
@quocdinh500,A yêu  e quá phương  nam ơi 😂😂
@leduchuy2103,Tính ra set tương tác nhiều với khán giả như vậy nó tự nhiên và vui ghê chứ. Thenkiu Saigon Tếu rất nhiều!!!
@quangminhle-t4x,hay
@NguyễnTuấnKiệt-g5c,“Rõ ràng mọi người có công nhận Phương Nam nhưng rất Trấn Thành ko”=)))
@hnam2510.,anh Nam dạo này có ăn tập hay sao nhìn đô đẹp phết
@Saxinh3110,Luôn luôn thích Hài Độc Thoại của Phương Nam 😍
@vinhduong4863,Có bạn nữ nào confirm giúp mình là có thật là cảm xúc như anh Nam vậy bạn nữ thích k vậy
@TríPhạm-j6w,Đang uống trà sữa mà nghe đến khúc đứaaaaaa nàooooooo mém tí nghẹn cục chân châu. Đúng là a Phương Nam ko bao h làm tôi thất vọng
@vuhieu7958,"từ "" Rất đừng Phương Nam"" giờ thành "" Chất phừng phừng Phương Nam "" luôn rồi , Khác Kevin mỗi cái màu da :D"
@loctran-lj2zu,Quá hay a ơi ❤❤❤
@Chaos672,Respect cho a Long ❤❤❤
@39Gangzzz.Midside,Vibe diễn của Phương Nam luôn là một cái gì đó nó đơn giản dễ hiểu và chạm nhanh được tới cảm xúc của người coi 🫶🫶🫶
@nio5984,nay ổng đi gym bắt đầu có tác dụng hen =)) đô ác
@viisme.07,s nhìn giống HTH z trời =)))
@by9802,❤❤❤❤❤
@thienkimtruong601,aađuu VUÝP
@leschantsdetheslise.l,vô duyên vãi
@KimHungNguyen92,Clip này không đã nư bằng những clip trước
@ChiếnĐặng-e3d,❤
@ChiếnĐặng-e3d,❤
@vinhmai763,Đợi mỗi ông nam
@daule7970,Đã quá 🤌🤌🤌
@youngpeter3588,adu idol Phuong Nam nay nhin` healthy va` balance v
@huuluan5247,.
@phuocmyphambui4138,phương nam mãi đỉnh
@ngatruong5720,"Duyên dáng cực kỳ, ngôn ngữ cơ thể của anh Nam điêu luyện thật chứ 😂😂😂"
@thaophamthithu7732,Những ng hói thường có SLC =]]]]]] vì hóc môn mạnh hơn tes nên bị rụng tóc nhưng lông vùng khác mọc nhiều 🤣
@CallMeMrDee08,12:13 cái bà áo đen đeo kính giữa khung hình. Hình như bã xuất thiệt đó mấy ông à.
@pxq2512,"Tập này vui nè, duyên lắm"
@anhvungo7144,A nam hài quá😅😅❤
@thaiquang2207,"""đứa nafooooooo"""
@lasa_usuk,mé phương nam chưa bao giờ làm chúng ta thất vọng cười cảm giác như cả cái nhà tao rung chuyển =))))))
@DũngDubai289,Có duyên á
@BoPo-v6n,Tốn 180k khách sạn đợi tắm coi cười tắt n*ng đi về luôn mà😂
@phattan3857,nghe qua kiểu hắc xì nhạc rap chưa
@onghuynh9889,Tôi thích Sài Gòn tếu ❤❤❤
@lunshyk,Rồi cười chỗ nào
@CBKRapper,Cảm ơn Nam. Đợi mãi mới có video. Làm buổi trưa ngồi cười như ngáo.
@beerc,Ê cái miếng qh vs mẹ nó kì nha.
@Tirasuduhi,fan ông Nam zòi. Thấy là phải bấm vô xem á 😁
@hieujay420,"Đỉnh vc,thề 🙏"
@ronbytuan,Xuất xuất xuất... xuất sắc 👏👏
@ĐạiTrần-j9f,Cười sặc luôn rồi
@lekien8816,Nam ơi là Nam....má hay dữ zị chời
@leehung-e9h,Thú vị đấy
@Nguyen-b5e,Vừa hay vừa hài kkk
@H_cien_H,"Điểm mạnh của P.Nam là ứng xự tình huống một cách tự nhiên, điều làm nam khác biệt so với phần còn lại"
@yentrantran8643,"Ra thấy bộ đồ là nghi nghi rồi, quất mấy cú cảm xúc quá cảm xúc luôn"
@bovlog7340,"Ý là đợi nhiều khi 1 tháng mới được thấy Nam á, nên là diễn hơn 12 phút được không SGT ơi"
@BíchLy-c3v,Xuất sắc
@QuanLe-SaiKey1306,Xuất xuất xuất… sắc qua a zai 😂
@bangsuong1199,màn comeback cực choáy
@bangsuong1199,màn comeback cực choáy
@minhnguyetha3447,Phương Nam càng ngày càng glow up nha. Đi tập xong ngoại hình tỏa sáng hơn. Với khả năng làm chủ sân khấu cũng tốt hơn
@HàMy-x7m9o,Nam level up quá rõ nét luôn á trời
@HoàngThôngAK,PN vẫn cháy như thế. Mặn mòi. Đã.
@tuannho202,anh nam nói lên tiếng lòng của anh kiaaa làm khán giả
@MinhNguyễn-f8g,Cười tí phọt cả cơm ra ngoài
@camhongluu4189,The SaiGoat tếu is here!
@nguyentrongtin1,"Hay và cuốn quá, em nhận thêm show các cty về truyền cảm hứng là quá tuyệt"
@hoangdung_2507,Đỉnh Nam ơi 🎉🎉🎉
@nguyentam4712,Hên anh Nam nói Long ko có lông chứ ổng quăng miếng do a thiếu dấu ^ nên mới vậy chắc cười điên 😂
@miathanhngoc,qua giờ coi chục lần ùi á =))))) sắp thuộc thoại luôn rùi
@MeannMeann,"Đỉnh vl, tự nhiên đến mức t tưởng đây là một set ngẫu hứng kh có cbi trước luôn á"
@khanhtoantruong388,Rất tiến bộ. Chúc mừng Nam
@duongpham2972,quả xuất xuất xuất hóa đơn đúng chịu :)))
@NamTran-jl2ph,T k bao h đi xem nhóm này vì t toàn xem trên ytb 😂😂
@quangbao29,"khúc Nam dí anh kia làm mình thấy cái vibe Matt Rife đâu đây kkk nay Nam đổi cách tiếp xúc với khán giả và điều khiển sân khấu, thành công rồi đó :3"
@quantopp339,"a Nam "" DEO KINH "" vẫn là đẹp trai và có duyên nhứt !!
A Nam dạo này hơi "" phúc hậu "" nên cần giảm bớt nha a !!"
@msang1278,Thứ cản tao đến với Sài gòn tếu là giá vé 😭😭😭😭
@phuonganhlengoc3714,Troi oi phương nam kết show quá đã quá xuất sắc á á
@ngoccuabien6885,Ngoại hình Nam nay nhìn thay đổi nhiều nè
@tieuyen1288,Cười tét rún
@TomVondavibe,Nam dạo này tập tạ đô ghê 🎉
@Nhimnhim3110,Ủa PN kg còn mặc áo khoát nữa 🤪
@helloevy9533,Chời ơi cái set này nó keooooo! Đó giờ không comment mà nay phải vào khen luôn á! Đỉnh quá anh Namm!
@phuocloinguyen7470,....
@A-NguyenThanhTruc-di3tn,❤❤❤😂😂😂
@HuaNgocMy,Set này diễn hay hơn hẵng
@hominhphuc199x,Đúng duyên dáng.
@ThienTran-ew9zq,Chưa bao giờ thất vọng vs  a Nam
@phatlttv,Bé trợ lý hắt hơi kiểu thẹn thùng e thẹn đồ đó
@ucohuu2226,level up nhaaaa
@phuongnguyen-nb6fz,"Tự nhiên coi lần 2 lúc 4h sáng , cười quá cười chồng thức chửi nguu người😢"
@Sun-bn6zu,"Cái set này đỉnk thật, k cần đao to búa lớn, chỉ toàn những miếng rất đơn giản nhưng cả khán phòng nghiêng ngả luôn 🤣🤣"
@bp4ever936,"sao cả cái group mỗi ông Nam diễn hài, mấy người kia nhạt thiệt sự. Phương Nam nhìn rõ thấy sự đổi mới mình cách thức truyền đạt duyên dáng, sao mấy người trong nhóm ko học tập dc vậy. trước t subcribe kênh này vì Phương Nam, giờ t đã unsubcribe vì đợi quá lâu mới thấy ông Nam xuất hiện."
@maskiez,Nam đã dần chuyển qua crowd work rồi ta. Tuyệt vời luôn Nam ơi.
@lavaparis,"Xuất sắc Nam ơi! Lần đầu tiên chị xem set này của em nhiều lần ko thấy chán mà lần nào cũng cười hết, quá dễ thương và duyên dáng."
@longhai6341,"Mê ông Nam này ghê, nhưng mà em thẳng nha kkkk"
@mjnhtrj9999,"coi mà cứ sợ hết ko á trời, set này vjp thật sự, quá đỉnhhhh"
@HoangLinhNguyen-e5h,Nhìn giống hiếu thứ nhị rồi đấy
@KhoaNguyen-dg6yp,Bản miễn phí đã hết hạn 😢 vui lòng mua vé đi xem để trải nghiệm premium
@phi8076,Nam lần này khác thực sự
@coffynguyen6894,t mà là ô đầu trọc t bỏ về lâu r😤
@LicNguyen91,🤣🤣🤣🤣🤣🤣🙏🙏🙏
@dinhtraipham5861,Set này thật sự nặng đô hơn nhiều set trước 😂😂
@phucuongnguyen5841,chờ set diễn của Nam suốt nma muốn ổng đầu tư nội dung hơn chứ ko chỉ đơn giản là kể chuyện
@GiaManB2108,Ông Nam có chuyện vui hay sao mà diễn set này thoải mái vui vãiiii
@wind.anhquoc2853,"Ông này xem từ thời ở Sg 2021 đến bây giờ vẫn còn hay, tuyệt đỉnh truyền năng lượng quá ❤"
@bachcoi1276,XD cười gần chết
@taidoa7954,Coi xong sái luôn cái quai hàm. Nó đau giờ không ngủ được luôn
@HưngNguyễnthành-i1n,má bể bụng
@uyenphuongphamngoc9804,Tự nhiên nay thấy anh Nam nhìn như anh Hiếu Thứ Hai bị phù :)))) nhưng mà level lên nhe anh
@NGuyenCUong-f3y,Kevin Hart việt hoá hã SGT =))
@minhtran-om7lm,anh nam kể chuyện cười 1 nhìn anh lòng cười 10
@nghilee2863,"Lâu rồi mới thấy anh Nam diễn lại, nhưng phải công nhận là level cao hơn trước rồi, diễn duyên quá trời 😂"
@meolua,Anh Long hiền lành dễ thương mà đẹp trai manly thiệc. Nam diễn như ko diễn❤
@Sieu_Cu_Dem,Tiết mục xs...quá cảm xúc😅
@B2805-q9i,"Diễn như này tốn khán giả quá, cười bể bụng ngủm hết rồi😂😂"
@kHIO67,Nam mãi đỉnh❤❤😊
@NhanNguyen-nu5yf,"Có nét của Max Amini, rất vui. Tks Nam, tks SGT  ❤"
@namx_uan,Đỉnh cao thật sự luôn đấy!!! replay bao nhiêu lần vẫn không chán:)))
@khoikhonkheo6372,Cũng phải lâu lắm r mới thấy a Nam diễn hài độc thoại. A Nam vẫn duyên dáng và hài hước nha.
@catherinedo8988,"Ngày xưa khi coi set bao cao su, phà em ở đâu đấy với câu chuyện chú xe ôm mà cười mún ná thở…. 4 set gần đây thấy có vẻ bị nhạt dần.
Tuy cái này b có năng lượng hơn nhưng k thấy cái hài như trc kia nữa"
@NganNguyen-ip2ee,Dạo này đẹp trai quá ba
@luyentapieuphoi2190,Đúng là set này ổng quá năng lượng
@nghitran4357,Ông Nam nói đúng tâm lý t hay đi gội đầu dưỡng sinh rồi ngủ quên. Xong thức dậy trong trạng thái hoài nghi nhân sinh là ngta có làm đủ bước cho mình thiệt hong 😂😂
@Nhat-299,Diễn hay thật đấy xem k nhịn đc cười 😂
@DongDong-v9e,Xem clip trăm lần vẫn thấy em gay Nam à
@hanmanh-u7b,"Hài vch! ""Quá Chuẩn luôn!"""
@ViệtNamĐoànKết-F-E-B-E-T,ĐÀN ÔNG SAO ZẠ? ĐÀN BÀ SAO ĐÂU! – Hài Độc Thoại Phương Nam Saigon Tếu Cười Xỉu
@phongai1553,Haha sao tui xem ông Nam 12' mà cứ ngỡ có 2' vậy 😂😂😂
@laminh2096,"Thích Nam quá bây ơi. Set này ảnh bảnh mà ảnh đỉnh, tua lại coi lần 3 vẫn cười chảy nước mắt"
@haiduongtran8227,Xem hài của Phương Nam sảng khoái thật <3 bao nhiu stress bay hết
@QuocTrieu_Travis,Lần đầu mình bật cười khi xem Sài Gòn Tếu. Mấy lần trước cũng buồn cười nhưng mình cố nhịn.
@truchobolero8376,Ước gì con Nhi hết led yêu lại cu Nam
@QUANGDAO...,"Cười khờ luôn, Nam càng ngày càng đẳng cấp và mình xem đến đâu hiểu đến đó nên thích xem Nam hơn mấy ac kia. Tập này Nam lại bước lên tầm cao mới rồi, hy vong có dịp về VN sẽ đi xem trực tiếp.kkk 🎉🎉🎉"
@QuocTrieu_Travis,oo
@bemixnhac,"Thật sự lần nào xem cũng cười nghiêng ngả,mong team giữ gìn sức khỏe và mãi gắn bó với nghề ❤❤❤"
@tgt12v,Khúc triệt lông đầu t cười phụt nước miếng 😂
@nhnm1078,Sao nay thấy Nam múp dữ vậy. Múp đột xuất :))
@thongnguyenvan4370,Quá đỉnh🎉
@viethang2991,mong sài gòn tếu đặc biệt là ah Nam ra Đà Nẵng diễn ạ
@leesugar5651,"Nó bình dị nó thực tế mà nó gần gũi, phần trình diễn quá hay đi vào lòng người"
@GiangNguyễn-q9k,set này e cười dc 12 phút 54 s
@Khoa.96,Có tui ở đó chắc tui đứng lên vỗ tay luôn á chời😊❤
@GiaHanNguyenNgoc-b5e4t,Đã tai nhất là nghe Saigon tếu video anh Nam diễn là lại Viral❤ Rất ủng hộ yêu mến anh. Nhưng mà anh video ngắn quá😂 Xem chưa có đã
@Api0061,"Nay nhìn đô mà đẹp zai v :)))
🌝🌝🌝"
@GoldxDucle,Mé cái đoạn cuối cười á thở luôn 😂
@minhxu777,"Nam level up nhìu quá, rất bất ngờ luôn. Quoocs tees, có nét của Matt Rife🎉❤"
@MisGlamorous,Má hài thì thôi nhé
@thanhnguyenle1197,HÀI QUÁ !
@wibu_hoang2254,1:25 “đau bụng quá”=)
@phucm.t.1851,Nam nét quá
@mouriyoshino9679,anh Nam ngày càng duyên 🤣🤣🤣
@kimkhanh-s4h,11:09 nghe ảnh hét như vừa bị ny hỏi:''nếu mẹ anh và em rơi xuống nước thì anh sẽ cứu ai?''vậy đóa^^
@halvo3540,Ông Nam dạo này có đi tập gym à 😊
@ThanhBruhh,Đoạn hắt xì trông giống Mcuong vãi :))
@Sjin2003kkkk,"Nay cảm giác ko hài như mấy video khác, thấy nặng nề sao á"
@JennyNguyen204,diễn hay dã man ❤❤❤
@phamngocthach,"nhìn khán giả nhiều ông bà đi coi hài mà mặt đơ nghiêm túc vl, cười đi mn"
@hopthucuaha,Ơ mình đã xem đoạn gội đầu trong set này của Nam ở đâu đó rồi thì phải! Mọi người có nhớ vậy ko? 🤔🤔🤔 Chắc Best Cuts phải ko nhỉ?
@haneul_305,Set này hay cực á. Cười điên =))))
@thinh8590,"lần đầu tiên ngồi cười xuyên suốt clip, set này quá hay"
@Datveloc19408,"set lần này của Nam có lẽ là nhẹ đô và ngắn gọn hơn so với các set trước nên mình xem chưa đã lắm, tuy nhiên vẫn rất ổn và hay"
@HuynhNhu-uv8td,Đúng là Nam tiếc mục nào cũng hay
@PHAMANN-k6p,ngữ điệu hơi giống anh Uy Lê nhỉ
@mminh2,"PN level cỡ Trấn Thành luôn nha, tui mê"
@huynhphuongthaoanh,"set này Nam comeback hoàn hảo vch =))) thoải mái, duyên deliver ổn, nhờ anh trai làm miếng sau đó có cảm ơn xin lỗi ảnh đàng hoàng lịch sự. Ngắn gọn LÀM 1H ĐI NAM ƠI 12 PHÚT KHÔNG ĐỦ"
@dct0311,"Đẳng cấp vẫn là Phương Nam, đề-pa câu chuyện đã thấy hấp dẫn rồi. Nhìn khuôn mặt Phương Nam có nét giống Trấn Thành😊"
@thinhvo3430,Xuất sắc!!!!
@thanhquannguyen6897,set này hài vỗ mặt luôn từ hình thể đến câu chuyện...quá hay!!!
@winter-spring78,9:04 đoạn này nam lm thêm câu lúc này trên ng e có 3 nguồn xả nc thì t vỡ bụng mất
@DuyKhangTranNguyen,dạo này hài quá hahahahahahaha
@NgocDao-yy8mr,Xuất xuất xuất …. Sắcccccccc =)))))
@NgocDao-yy8mr,=))))
@taa6651,dữ thần nha
@shakesvo2949,"set này hay ạ, e thích những set dissing như này ạ"
@thaothao-kv1dw,Mê set này quá điii
@ANHTUANINVEST,móa coi cười chảy nước mắt =))))) hài điêng =))))))
@VinhPham-uc6fn,Khi dat den level cua nghe si dien hai thi noi ai dung cuoi hen khong can mang mieng nhu line 100 toi😂
@thachle2608,Support anh Nam
@nguyentrongdan,"Khúc xuất xuất xuất… hóa đơn, khi máy quay vào khán giả mình thấy nhiều anh chị cười điên như co giật. Hình ảnh này mình cũng bắt gặp khi coi các đoạn clip của Max Amini. Phương Nam trình thế giới rồi, hoặc chí ít cũng một 8 một 10…"
@meo11290,"Ỏng diễn mà như ko diễn luôn á , giống như là ko phải học lời thoại từ trước , mà chỉ là chính bản thân mình là đủ. Phương Nam đỉnh quá !!!!"
@MinhNguyen-bl3ye,Set này đỉnh thật sự vẫn là Phương Nam is the best
@hongquan823,Ok em sẽ cảm xúc ;)))
@duykhanhbui308,"Miếng này y hệt miếng diễn ở hải phòng hôm qua 8/11 nhưng công nhận coi live nó đã thiệt hơn coi on luôn , vs hq nam lần đầu diễn ở HP thấy năng lượng mà nhiệt lắm mn ơi"
@QuangTran-br7px,out trình công ty
@HangNguyen-jw5qz,Má ơi cười điên😂
@HaiTrungHieu69,Xem xog set Phương Nam khoảnh khắc bạn vung tay cảm xúc khi vừa diễn xog khiến mình bất giác nổi da gà
@Deoxyri,có chờ đợi bao lâu thì ông Nam ổng diễn set nào thì chưa khi nào thất vọng cả luôn ấy.
@nganchau7972,❤
@thaikieu4561,Joke đỉnh vãi cac
@trang4767,ê set này hay nghe ông Nam =))))
@HungLe-xb1sp,Xem ít nhất 5 lần rồi hay thật sự
@NhiĐỗ-e4h,Nam tập gym hả ta
@HangTran-mb8sq,Nhìn ông Nam tưởng Trấn Thành ko á trời
@SinhLe-ob8bx,Set ngày cực kỳ hài cực kỳ thông minh luôn a nam ❤
@PhucBuithien-l5g,Má ơi..xuất sắc..hnay xuất thần lun á Nam ơi😂😂😂
@tinivoila,dạo này Phương Nam chắc tập gym thấy vai đô lên đẹp nha =))))
@raizulazie9530,"Ảnh chọn đúng nền văn minh=))))
Cười sảng khoái thiệc sự ❤"
@huutaile9168,Cạn phước...🤣
@hixminishere,có thể là cười tắc thẻr =))))))))
@trieutranvan7016,uầy mấy joke này Nam diễn ở Hải Phòng hay hơn luôn :))) đỉnh
@panh9344,"Một trong những set diễn xuất sắc nhất của anh Nam đối với mình. Cái khúc ""Ủa ba"" đúng đỉnh =))))) quả miếng đắt thật sự"
@vichuahe,chán thiệc chớ đang ăn ổng nhả miếng muốn sặc 10:57
@quangcoijp,Cười ra nước mắt
@inhkhoanguyen8625,"Đúng là Phương Nam và phần còn lại 😅
Đẳng cấp quá khá biệt"
@KhoaPham-fx6rj,Hình như Nam có gym hay sao nhìn lạ quá
@phatnguyenthanh2969,"Anh Hiếu thứ 3 của Sài Gòn Tếu này quá duyên, anh vẫn là đỉnh của chóp của team SG Tếu ❤
Chúc anh ngày càng ngày thành công hơn 💪"
@BeBe-qp4tr,Má ơi set này đỉnh điênn
@Meoboichdien,Ngắn quá Sài Gòn tếu ơi! Đề nghị sau này các sét của Phương Nam nửa tiếng trở lên nhé. Coi mới đã
@nghijannu,khi đó là anh ấy chứng minh rằng bản thân chọn sai người
@tuleminh2381,"mặn thật , rất vui, mến chúc Nam và Team thật nhiều sức khỏe"
@ToanNguyen-xt4bs,Mă xem mà cười ẻ 😂
@KhoiNguyen-ng2lf,Đợt này Nam diễn kiểu mới hay thiệt
@thiennguyenchi6862,Khứa này hài
@nguyenngocminhanhhh,Nam nay ồn điên=))))
@tr.quanganh17,má set này đỉnh vãi òooo
@anhngan8289,A Nam đã ấp ủ chuyện live tour chưa a?
@maxilliaan3680,Phải bay dô coi ổng liền :))))
@UserXxError,"Khoái coi ông Nam nhất ❤❤ lâu lắm ổng mới lên clip, clip nào cũng duyên dáng và hài 😂"
@Thukhi004,"Cá nhân mình thấy về phần nội dung set này không đào sâu câu chuyện bằng những set như Quyền Anh Khó Đấy, hay Con Nít Biết J, hay Con Sói gì đó. Những set đó mình thấy Nam có 1 câu chuyện chung từ đó sinh ra những chi tiết với những góc nhìn khác của Nam, có đặt vấn đề, có diễn giải quá trình, có nút thắt nút mở, dù là đùa nhưng có chiều sâu cho người ta ngẫm nghĩ.

Nhưng cũng có thể không phải lúc nào cũng cần chiều sâu, lâu lâu mình đơn giản bớt vấn đề cho nó đỡ phức tạp cũng vẫn hay.

Quay lại set này, mình thấy Nam làm được một cái khó mà stand up comedy quốc tế ngta làm đó là một chút roast khán giả nhưng làm họ thấy vui, thấy ờ ha, thấy hợp lí, thấy lạ.
Chính vì những cái joke mới dựa trên tương tác khán giả thì họ sẽ đến quài quài, vì họ cảm thấy liên quan và kết nối hơn, mình công nhận.

Mình mong chờ Nam sẽ có những set mà vừa có chiều sâu câu chuyện vừa tương tác roast khán giả các kiểu dống này zị.

Mình cũng thấy lần diễn này những thành viên còn lại hợp gu khán giả hơn và kết nối hơn nhiều.

Cảm ơn Saigon Tíu ❤"
@barong9639,2:58 anh áo trắng thay đổi cơ mặt lẹ quá :)₫₫
@baotruong2049,Nam nay đô quá vậy taz :)))
@idgaf-z5k,chờ mãi a í mới ra videoooo❤❤❤
@thiduong7205,Hay quá❤
@rineethefilter2824,"lâu ròi tui mới coi lại
tự nhin nhớ lại ""tốn cái lều""
anyways, as always good job Namie Baby"
@vanbeti,"Set này quá hay, cười liên tục, chúc SG Tếu phát triển hơn nữa nhé"
@Hero-cv3xq,"Giữa thời buổi thông tin tràn ngập, coi bao nhiêu cái clip video hài,  vẫn k cười nổi, thế mà nay coi a Phương Nam diễn lại được cười đã như hôm nay. :v"
@RoxerVnking,Nay diễn hài mà xà xẻ khán giả quá😂😂
@flowersintote,nay nhìn ông Nam như sổ sữa cưng ghê :v
@TrịnhHiền-u1i,Đề nghị sốp ra clip nhìu hơn về anh Nam này🤣
@kurokudo6063,"Đỉnh quá Nam ơi Nam, đây chắc là 1 trong những set đỉnh nhất của SG Tếu rồi"
@c21a_tdhtrinhhuuhao50,Anh Long dễ thương quá
@Kaori2305,"Em thích set trước hơn :))), set này chọc anh Long quá :)))"
@harom.3123,GOAT 🔼
@anhpham4090,nay ngoại hình Nam nam tính hẳn 
@TrangNgo-um2qx,cương xíu nữa là a Long lụm Nam nha
@thanhlongle6143,mấy tháng r PN mới lại ra set diễn. Chờ mỏi cả cổ và set lần này ko lm tôi thất vọng. Rất cảm xúc luôn PN ơi 😂
@hoangminh911,Ông Nam là ng duy nhất xem đi xem lại clip lần 2 lần 3 vẫn thấy hay như lần đầu
@hoangkid1412,Team sgt chỉ thích mỗi nam nhất. Chán nhất là khứa uy lê
@loidang9412,"Má, pha cuối đỡ không nổi luôn Nam nghe."
@nguyentrantien406,.
@LEEHTOFFICIAL,hóng ông này cả tháng rồi mới ra đc 1 clip
@TrongLe-hl1gp,tương tác với khán giả như mấy ông nước ngòi lun coi cười điên. =)))))))))) Nam lên level nhiều nha.
@BrianK-1510,"Nam diễn hnay được nha, xuất sắc nha"
@locsarker,Thôi anh rửa đâu 😂😂😂
@vinheptrai6256,Show này anh nam dữ dằn quá
@hoangle-zp4sr,Set đầu tiên mình coi đi coi lại 5 lần trong 1 ngày :))
@potato2809-c8n,thuần sếch:))
@daicomcamu,"Có tài để làm hài đó, không ai bình thường mà hài mắc cười dữ dậy đâu...."
@khanhphan4252,Mình xin thông tin về lịch diễn và cách thức book vé tếu ơi!
@tothethanhthuy,Thích vibe này của Nam👍👏
@WuyaSongAn,Cười muốn banh xóm luôn
@daicomcamu,"Má nó, đứa nàoooooooo"
@votruongthi,ai trọc tóc coi show ko nên ngồi hàng trên nha =))
@TranNguyen-ck6wj,Cho mình hỏi làm sao theo dõi lịch biểu diễn của tếu vậy ạ
@duumv9293,"nam lên lv rồi, trước dựa vào chuẩn bị trc 90-95% còn lại ứng biến, nay thì tự nhiên hơn 80%. cảm ơn SGT nhé, đang làm mệt tới cuối tuần mà đc cười như này thì tươi tỉnh hơn hẳn. cảm ơn"
@nghile6552,Anh Long said : tí diễn xong ra sau a nch tí 😂😂😂
@NhânNguyễn-z5b4y,Đợi ông nam này có clip lâu quá
@quocvungo7274,A Long sáng sân khấu nhất đêm nay 😗😗😗
@thangphamtvb3954,Nó diễn có nhiều tục tĩu
@keithcedric6855,"Hài của anh này lên một ""trình"" cao hơn rồi!!!"
@heyheylee6490,vốn dĩ joke phương nam là đến từ những thứ đơn giản nó kiểu đúng đúng quá đúng k chê vào đâu dc quá thực tế quá dễ hiểu cười nội thương 😂
@ngocbich41110,Chờ mãi cũng tới set diễn của anh Phương Nam roài 😍
@BLimitless97,T xem sài gòn tếu mấy năm nay chỉ là nghe cho vui giết thời gian mà set hôm nay t cười ỉa 😂😂😂. Giống kiểu đùa miền bắc nên thấy hài hơn hay sao ấy
@leovceri,"Nam diễn ngắn quá, thật sự là coi hong có đã, mở concert diễn hài đi năn nỉ=))))))))))))))))) Ai mà coi hài độc thoại nước ngoài nhiều sẽ nhìn thấy rõ phong thái và cách tương tác với khán giả của Nam y hệt, ồn liên tục nhưng rất đủ và không có 1 khoảng lặng nào là vô nghĩa luôn. Chưa thấy diễn viên VN nào ngoài Nam có thể đạt đc tới ngưỡng như này, tốc độ phát triển khủng khiếp thật"
@bomnguyen701,Tương tác đỉnh thiệt chớ ❤😅
@thangthang6278,Nhìn thumbnail tưởng a xe nhà lá cành :))
@phamthanhan1828,lâu lắm r mới thấy set đỉnh thế này
@TaiTran-bg8sh,90% sức mạnh của Sài Gòn Tếu :)))))
@dangphuongtruongsy3419,cứ mong chờ set của ông Nam thôi ❤
@phimhay0707,Cười muốn bò 😂
@HuynhLeThuongThai,"Ủa anh ơi, đi gội đầu chứ đâu phải gội tóc đâu mà có tóc mới gội được, có đầu thì gội thôi :D"
@hongthanhphan3375,Hay quá mà hơi ngắn
@nhanvo8184,"Hayyyy! Má nó hayyy 
Đúng là không hổ danh Phương Bắc 🤣🤣🤣🤣🤣"
@hieule-kb3gu,Đây là phần trình diễn hay nhất t từng xem của Phương Nam
@toaninhquoc2547,Nay team ai cũng tiến bộ rõ rệt luôn ak.
@TrangNguyen-fm3qh,Hay dữuuuuuuuu vậy ( cảm xúc mạnh )😂
@lentranvan1642,hóng ông nam lâu quá trời 😁😁😁😁
@ThuLâm-o7b,"Câu nói max điểm cười: 
"" Đứa nàooooooooo """
@ThuLâm-o7b,"Ơi trờu, lâu ngày gặp lại Nam vẫn nét và cười xỉu 😂😂😂"
@minhchaunguyen7707,Hình thể cái pha cuối đc đấy.
@binhnguyenthi6496,Dể thương lắm con ...
@jackTaiBa,clmn nó hài :)
@anngo9155,"Cười ẻ, coi ông này cười từ trước giờ, càng coi càng hài😂"
@motmoromfarm5818,"Nam diễn xuất sắc quá...
Vừa mới ra y như soái ca"
@hoaduong6092,Set này nó Phương Nam nhưng nó cũng rất Mỹ. Thật khó để mang văn hoá cởi mở của họ chèn vào nội dung hài của VN nhưng Nam làm được. Rất duyên👏
@phucduong7333,khác thác vấn đề quá hay
@13.inhhung75,Ngắn quá😢 dài gấp đôi đê
@LinLin-Nguyễn,Sài Gòn tếu thích mỗi 2 người Phương Nam và anh Minh Ti
@Satokowang,hay quá anh Nam ơi!!! 🤣🤣🤣
@ktlt6407,.
@heyaiamcam,"mình lại thấy trước đây Nam thoải mái hơn, cái này thoải mái quá lại có cảm giác hơi gồng, mà vẫn cười vài chỗ khi thấy kết nối được với câu chuyện (gội đầu dưỡng sinh :))"
@thiinha5206,Hay thiệt sự nun huhuhu
@daitran1404,Phuong Nam nay len can hay sao ta?
@nguyendo9416,Đô ha 😁
@vietphuong9371,Thật sự mà nói thì cái set này của Nam nhìn nó mập
@vicyuenp5534,ý là set này hơi ngắn... coi hông đã =]]
@lephukhuong,"Vẫn như cũ, mình Phương Nam gánh cả cáu SGT :D set này đỉnh"
@hanhmy3443,"Mấy cái miếng ổng quăng vs anh Long nó cứ hỗn hỗn mà mắc cừi kiểu j á, mà anh Long ảnh cũng dui ghê"
@anhho6333,"Nay tự nhiên thấy Phương Nam đẹp trai quá, chắc tại hết gay. 🤣 Đây là lời khen nhe Nam ơi!"
@Lukaz_Zakul,Set này anh Nam mạnh quá😂
@cmc.95aa,cừi khùng :)))))))))))
@phamkhai5008,Ư set này hay vãiiiiii
@Msnectarmoon,"Điểm sáng và mới tiết mục lần này của Nam là đã truyền đạt một kiến thức tâm lý cho đàn ông một cách hài hước nhưng cũng rất cụ thể, khá chính xác. Nếu bỏ tiền cho chồng đi xem vừa hài mà còn có thêm kiến thức tâm lý thì rất có giá trị. Mong Phương Nam tiếp tục lồng ghép các kiến thức tâm lý cho các tiết mục của mình. Hạn chế sài xể và đụng chạm đến hình dạng của khán giả đi xem nếu mình là anh đầu trọc chắc mình ko thể cười được."
@huuthinhgiang6544,set  này dở nhaaa
@khanhxuan5446,Ư ư ư ư xuất hoá đơn cho anh
@Nguyencaonguyen-zh1xo,Tôi đang tìm cách ghét bạn đây.
@haile9845,"phương nam không phải em ấy giỏi về cách thức diễn hài , em ấy giỏi kể cả về từng từ ngữ mà em ấy phát ra , mình bị cuốn không phải tự nhiên , mà vì bạn ấy quá giỏi để thu hút người khác và đưa ra góc nhìn chung mà ai ai cũng thấy được , khâm phục vì nhìn thì ai cũng thấy đc nhưng để dẫn ta tới 1 câu chuyện để ra 1 chủ đề như vậy thì không đơn giản, cảm ơn vì cuối ngày vẫn đc coi hài vẫn đc nạp những năng lượng quá tích cực"
@n-v-t3198,"1 ng gánh cả đội hình luôn mà.. từ lời nói, cử chỉ, hành động rất nhấn nhá tạo sự bất ngờ cho người xem.."
@phieuvuive,Từ set này ko ai dám đi gội đầu dưỡng sinh nữa lun
@manhquocnguyen8252,"Đúng là người học tâm lý có khác, ổng nói về tâm lý phụ nữ đúng quá hong cãi đc😂"
@merrecords1003,xem đến gần cuối xong phải tua lại coi từ đầu lun ạ =)))) quá đỉnh
@ThiệnVõ-m4c,hay
@Lungusss,❤hay quá idol
@KhaiNguyen-lx9wn,Máaaaa cái khúc xuất xuất xuất hoá đơn em cười phun cơm :))))  cái hẩy hẩu với cái biểu cảm cười điên 🤣🤣🤣
@SaghalloCococo,Lạy luôn câu cuối “xuất…xuất…xuất hoá đơn em ơi”😂😂😂😂
@Vani1308,"Nam lên trình rồi, set này đỉnh thật"
@sonhoang3198,Bản lĩnh sân khấu tốt!!!
@cuongvi1776,Set hay quá
@viettrungst159,Mấy ông ở dưới cười như bị động kinh vậy trời
@minhphinguyen9216,"Nay Nam mặp lên, thấy cái bụng lúp lúp lun"
@FungHar,"Set này điên quá Nam ơi, đỉnh chóp"
@nguyencongtinh1596,Hay nha :))) hài 😂😂😂
@LabellaLowis-y1b,"Cái “thằng cha” này ngày càng đanh đá, mà tui thích quá trời! Coi clip 2 lần luôn á! Keep it up Nam!"
@uchoang4561,"Nam có đề cập đến những ý kiến trái chiều đa phần tiêu cực này nọ, thì thực sự để mà nói, thời gian dài qua xem SGT không thấy một video nào hay hết, nhưng bản thân tôi rất ngại nói ra, một phần vì đây là hài, có thể không hợp gu, một phần rất sợ những thể loại bênh bất chấp vào tap, nhưng dù sao đó là sự thật. Lý do tôi nay lại nói là bởi sau khi xem những video đó thì chỉ có Phương Nam - MVP của SGT, làm tôi có thể cười"
@vanluutran726,"chỉ một chuyện như đi gội đầu nhưng anh vẫn cook nó được thành set hài cực cháy, đỉnh qua anh Nam ơi 😂😂😂"
@nganduong3668,set này Nam diễn peak vl
@binkuu7687,"Gặp anh tên Long thì câu hỏi nên hỏi""long có ""ô"" không anh?"
@hienbicb5527,😅😅😅❤❤❤❤
@duytuan7447,"Đúng là học Tâm lý học có khác, tương tác tốt ghê. Nhưng mà tiếc là hơi ngắn."
@TẤNTHỊNHLÊ-r7z,khả năng set này ảnh thuê anh Long về:))
@lebang4837,4:34 ủa acoustic gì gì nè
@hainguyenvan4537,Thấy set này Nam vô duyên quá khi cứ thấy người khác ra làm trò đùa và body shaming người khác
@Um2410,Tuyệt vời ❤❤❤❤❤ cười từ đầu tới cuối
@onn6516,Ảnh hài mà ảnh ít video quá 😢😢😢
@AnhNgoc-tm3tv,Chờ mong anh Nam mãiii
@meid_quynh,"set diễn này của Nam cười từ đầu đến tận cái bắt tay cuối, quá đỉnh!"
@viduongtrieu2828,Má bựa vãiii😂
@nhangun,"Cái vụ comment chửi má đó làm mình nhớ hồi thanh niên đá bóng, đội bóng thì bố mình làm hlv. Sau 1 quả mình chuyền hòng hay lỗi gì đó ông già ngoài sân chửi ""đcm m đá cái kiểu gì thế"" mình cũng nghĩ ""ủa, có gì về nhà mà đ chứ ông già"" haha chết cười."
@doanhvuong926,xuất ...xuất sắc a ơi :>>
@yuri_chan1808,❤
@Khôis899,"Joke đoạn 7:30 tới 9:57 làm mình nhớ tới mấy câu ẩn dụ, scheme hay chơi chữ đồng âm khác nghĩa của mấy ông battler viết tốt từ nước ngoài lẫn Việt Nam. Càng xem hài độc thoại mình càng nhìn thấy nhiều điểm chung giữa battle rap và nó. Thực sự respect những người như anh Nam. Mình xem battle rap cũng khá nhiều và mình cũng từng viết battle nên cũng biết là để có những câu như vậy phải bỏ rất nhiều chất xám công sức set up câu từ. Big respect to Phương Nam."
@HanaReviewPhim_137,Mãi yêu Nam chỉ coi Nam❤❤❤❤❤
@MyTrương-e9i,"Show này mik thấy saigon tếu thấy ai cx diễn hay ấy kiểu tạo cảm giác mọi người cố gắn để set diễn tốt lên từg ngày ,chuyện anh Nam nói khi làm cái nghề này bị nhiều bình luận tiêu cực thì mik cũg côg nhận sẽ có, vì các bình luận tiêu cực dành cho mn thì mik cũg đọc qua rồi nhưg theo hướg mik thì hài độc thoại nó vẫn còn là cái j mới mẻ đối với vài người nên có những người ngta sẽ thấy k hợp họ nên lời nói của ngta nó vô tình nặg nề khi nói ra cảm nhận của họ nhưg cũg sẽ có những người côg nhận sự cố gắn của mọi người để cho khán giả nhữg set diễn tốt nhất mình từg đọc được một bình luận là bảo bn này k hợp cái này bn kia ko hợp với nghề này rồi bn kia diễn dở k ai diễn hay này kia nhưg mình thấy là có nhữg bn trog tếu thả miếg rất hay nhưg vẫn k biết cách nhấn nhá hay làm nó có miếg hơn thôi với đã có đam mê thì làm hết mình thôi chả vc gì phải ko hợp k hợp thì mình học hỏi mik trao dồi rồi mình làm nó hợp với mik thôi chả vc gì phải để ý quá nhiều vào nhữg câu nói tiêu cực vì phải trải nghiệm mới biết mik ngag nào rồi thay đổi rồi trao dồi thêm chớ và cũg mog saigon tếu sẽ chờ đến khi mình có kinh tế để có thể đi du lịch và xem saigon tếu diễn với cươg vị là người ngồi và tận mắt xem saigon tếu diễn"
@giahng0104,"""ĐỨA NÀOOOOOO"""
@minhtuan7053,Mày ra mà ko ai cười là có chuyện đấy 😄😄😄😄
@lI-_-lI,"Nam diễn lần này miếng hài tự nhiên đến khá ngẫu hứng nhưng sự cb cho tiết mục hơi ít và k liên kết cho lắm, chưa giải quyết vấn đề này đã nhảy sang vấn đề khác."
@thekhangnguyen3332,"cừ rung cái giường là có thật ae ơi. Cảm ơn a Nam, lâu rồi mới vui zay á"
@cindyvuong6246,Phương Nam nay diện mạo rất ổn. E diễn rất hay trong set này. Mãi iu
@industry_barber,*Long đã xem và đánh giá*
@AnPhuocTube,Nam phải trả lại $ vé cho a Long phụ diển quá hay
@mrdoi2007,Ớ ớ ớ xuất xuất xuất hoá đơn luôn em owiii😂😂😂❤❤❤
@marrysilly212,Tập này coi cừi điên luôn😂😂😂
@ArisTran09,ê set này hay chấn động á
@danhtran5180,Đợi mỗi a nam
@quangminhtruong6920,xuất xuất... xuất gì cơ?
@daicomcamu,"Lần diễn này hộp gu mình nha, hay và đã"
@huynguyen-uq8ut,"Lâu lắm rồi mới lại xem Set diễn của Phương Nam Tobokki, lần này mang năng lượng khác, hình như trang phục cũng khác,đô hơn, kiểu tóc nữa, và hơn hết là mọi thứ nó up grade lên 1 level mới luôn ấy, có rất nhiều miếng trong set này luôn mà miếng nào cũng hài, đỉnh nhất chắc là Xuất..... Hóa đơn vs Đứa nào 🎉🎉🎉 Bravo PN , trình lên quá lên r ,Go International"
@jhoang8334,Khán giả bỏ tiền đi coi Nam là chính
@Eric.H16,đỉnh thật sự. 100000đ anh Nam ơii
@tranngocmyquyen7431,"ko uổng công chờ đợi, anh Nam tương tác với khán giả và làm chủ sân khấu quá đỉnh. Chị Huyền Khanh khúc cuối ra chào khán giả xinh gái quá"
@hauduongminh5343,Hay vãiiiiiii
@wbuvn,set này thật sự wow
@doannguyen-t1x,Nam ok hp4a
@huephan6812,😂😂😂❤❤❤
@ngoctham6307,"Hay quá, a Nam diễn càng ngày càng hay. Mà nay anh tập gym thấy người be ra, nhìn soái ghê á"
@KEVINKC-l2l,"Đề nghị nhóm phải trả cat xê cho anh trai ""triệt lông đầu"" nữa. Ổng góp công rất lớn vào thành công của set diễn này ❤"
@Xuanphuocbenz,"đỉnh quá anh ơi, từ nay nói chiện với ny bao dính…😂😂😂"
@caominhtri2338,phần tương tác đó cũng có kịch bản
@KEVINKC-l2l,Phương Nam vẫn là một đẳng cấp khác biệt 🎉
@ThuanNguyen-dg3wq,Nay Nam mập lên thấy rõ.
@thanhvinh2708,Mắc cười khúc xuất hoá đơn😂
@NôngVũ-f1t,Đợi mãi phương nam thôi =))
@tranlamle3368,"Nam chưa bao giờ làm chúng ta thất vọng,😂"
@lyly-ug1ip,Lần này thấy Nam hay vãi 👍👏❤
@linhnguyen-mb3gl,Xuất hóa đơn cho a luôn em ơi :))
@Th3_RatKing-Duo,hình như tâm lý có chút biến đổi và giao động
@ame-vtuber-vn,Mn công nhận style lần này của ổng rất Vũ á
@trungnha6969,Flop quá thì đăng clip Phương Nam
@nguyenanhduc9688,"Hay nha. SGT còn PNam cứu lại hết, còn lại cần phát huy nhiều"
@minhquanbrvt,"Ngắn mà chất, KG cũng rất xịn nữa"
@ucanhpho7835,Khúc a Lộc đầu Chồn đâu gòi 😝😝
@tuongvinguyen8908,Sg tếu mãi đỉnh. Rất khâm phục các bạn. Tuàn nào cũng mong có video để coi
@yoshizang2819,Nói cái này hông có gì đâu nhưng mà khi xem video này của Phương Nam tui thấy một chút gì đó phong cách của Anh Dưa Leo
@kienha2888,"Show 16+ nên a Nam khác nhiều lắm ấy, mấy vid trước mình chưa thấy một hình ảnh như thế này kkk"
@ngoctongpsy,Xem đi xem lại ko chán
@QuangPham-um4oy,Nói hơi nhiều về tóc nha 😂
@QUANGVINHBUI-v3p,"Đứaaaaaa nàoooooo,đứaaaaaaa nàooooo cmt chửi đâu🔪🔪"
@NguyenKhanhNam1708,Ba anh Nam tên Nhân mà ko mời dc thì mời anh Trúc Nhân đi vì cùng tên Nhân mà
@PhucNguyen-vw8gw,Đang đau răng khôn mà xem set này tét m nú luôn qá😂😂
@hoaithule2119,Aaaaaa đây r đợi mãi á nha phương nam oiiiii
@Infl-f4m,Phương Nam dạo này béo nhỉ
@Cúniumeomeo,"Tr ơi lần này tốt hơn quá trời , đột phá ghê luôn"
@will.liuliu,"Long không lông, cừi mún quặn ruột lun quá"
@LongTri81,Cầm dao lên!!! Vui hay là nhạy cảm!
@hiennguyenthu5099,"quá đỉnh, quá hay, mình đã tua lại 20 lần"
@longlimbđs,Dcmm sao mày hài thế hả nam
@theanh638,Hay thật ❤
@Tienoan-hr5iw,"Đợt này cảm giác Nam diễn nó quốc tế gì đâu, ngoài hay như bt còn hay ở hình thể và những tương tác nữa. 1 bước tiến mới rồi"
@linhteddy18,"11:20 mình để ý lần nào camera lia tới cũng thấy bác trai này luôn ngắm nhìn bác gái rất là ""tình"" luôn á 🥰"
@xuanminhbui137,Quá hayyyy
@thanhphucvlog5877,nice
@vinhkhangnguyen6965,đợi ra clip mới mãi:))))
@djssab2599,hay vậy trời :))6
@hoptran142,"Thấy anh Nam là bấm vô coi liền luôn, hóng qá chời rồi"
@Laothanhnhan,☕🗿
@hoanghahp1986,"Cái vibe giống Trấn Thành ghê, xéo xắt, đanh đá, mà nó lại hợp lí 😂 Mình thích nha!"
@HaoChansDayy,"Coi vid:
Cơm vô bằng mồm,cơm ra bằng lỗ mũi"
@cuongmanhha,Chẳng thấy buồn cười gì cũng cười. Khán giả miền Nam dễ dãi vậy à?
@doushitano.o,"hình như set này diễn đợt ở hn hay sao ý nhỉ, tại t cx có đi xem, lần đầu luôn, nhưng chắc ko trùng ngày, tại t nhớ ko có phần roast khán giả, chỉ nhớ cái miếng ""đứa nào"" t cười như điên"
@khoatrang569,"Phương Nam mãi đỉnh , e ấy giờ tiệm cận Quốc tế luôn r , có khi hay hơn luôn ."
@tonytranofficial6661,"😅😅😅😅😅😅 TÔI chờ ông NAM LÂU LẮM MỚI RA CLIP … GIỰN LUÔN á nhưng mà set  hay quá bỏ qua , cười điên các bro à 😂😂😂😂😂😂😂😂"
@nglyyn,Sao ngắn vạy xem chưa có đã🥺
@UyDinhPhuc,Ông nội ở đâu có anh trọc ngồi sẵn dạ chời. 😂😂😂
@penguniban-chan3982,"cái ông trọc ngồi đầu là ai thế các chef, thấy cứ quay sang mồi cười cho bạn bè :vv"
@Besottedloveraudio2k3,+ 1 Anti cho anh Nam😂😂😂
@LêMinhKhuê-l4u,nay tự nhiên thấy anh Nam đẹp trai dữ chèn:)
@HuyNguyen-gn9lk,"ah Nam trog set này diễn đúng hài lun=)) chc là set hay nhất lun, mà có điều tội chú hói qa:) bị ghẹo quài lun"
@gamechplay2850,vẫn là ng đặc biệt nhất có khác.
@thanhieu730,ĐỨAAAAAAAAA NÀOOOOOOOO
@giaphuc.hahaha,Nam senpai mãi đỉnk
@minhanhh,"Nam vẫn xuất sắc như mọi khi, mà set này thấy phong cách mới hơn, có tương đồng với Matt Rife ở phần chọc khán giả. Có ai thấy giống mình k"
@khôihồ-z6e,hay vl
@quangtinhne,hôm nay thấy anh Nam nhiều nét giống anh Dưa leo quá
@embroiderytnhofficial,"PN chất quá❤❤❤,dzai"
@DueNhat,"Phương Nam giờ đô con thế
Hài thì thấm mà đấm thì đau ."
@motvongdanang-p3d,Nay Nam nhìn men quá dị
@bus2k8,chưa xem mà cứ like cái đã
@Rewall1993,EQ cao
@tocretre1991,"Xem Phương Nam từ những ngày đầu, thật sự Set này chính là điều tôi mong đợi, bản thân mình cũng đã dự đoán và hôm nay trở thành sự thật:
Phương Nam = Kevin Hart phiên bản Việt Nam!
Sự nhanh miệng, đầu nhảy số cũng như cái chất hài tếu táo và có phần lẹ làng, sổ sàng của Nam rất gần với cách diễn của Kevin Hart! Chúc mừng Nam, đây có lẽ là phiên bản tốt nhất của Nam rồi đấy! Phát huy nhé!"
@YennieTr,uiiiiiiiiiiiiiiiiiiiiii 2:58 thì thấy Miss Accountic của tuiiiiiii
@NVT8686,"Đứa nàoooo, Đứa nàoooooooooo.... Xuất xuất, hoá đơn.... =)) cười chải nước miếng"
@Trong_04GA,"Rất thích cả khán phòng cùng hưởng ứng bộ môn này riêng a Nam mãi đỉnh a ta có vẻ đzai hơn và biết rõ mình làm gì tóm lại, đừng ai vừa ăn vừa xem nha 😂"
@y9c9ycy9coyc,set này vui v tr=)))))))))))))
@peterngo99,càng ngày càng lên trình nha :))
@XiaoChyllin1306,"Ko đi tiếc ghê, sài gòn tếu làm show ở miền trung đc khum"
@Shadowmonarch02,"Chưa có đã, thêm đi😅"
@philongo8328,Set này đỉnh thật
@conglongnhong1991,"PN luôn vậy, biểu cảm và tương tác rất tốt"
@thienphamquang1229,11:30 có nhóm hài khi hát bên Au Nam Kỳ Khởi Nghĩa qua chơi kìa
@34northsidee,Cảm xúc lên😂
@ThienTan-sr7bk,Nay anh Long trợ diễn đỉnh quá  😂
@thanhthuylethi1982,Chị chờ nghe em kể chuyện lâu lắm rồi Nam ơi 🎉 😊 ❤❤❤❤❤
@Mơ-lfx1,"Cá nhân mình thấy phần đâu, tương tác với khán giả thì chưa tốt lắm, người dễ tính họ sẽ cười chứ những người hơi chai với các vở hài như mình thì nó hơi nhạt và lặp lại. Bù lại thì phần sau về phụ nữ thì thật sự hay, biểu cảm và hài hay 😊,  đúng chất của Nam từ những ngày đầu mình theo giỏi"
@Rio-3979,Chờ anh Nam quá lâu rồi. Anh Nam giống Trấn Thành kinh nhỉ???
@khoitran8169,ngày càng đẳng cấp
@toraoduy2289,ủa :))) bạn Gia Huy hôm bữa hỏng cười bữa nay cười quá trời tươi luôn
@rockblin04,Trai thẳng = gặp trai là thẳng :v
@24duongtuan10,tuyệt vời
@nghiatran1930,Dạo này đô con z
@ĐặngTấnLộc-t1h,Tương tác với khán giả tốt quá. Mà sao Nam nó nói gì cũng có duyên. Hãy thiệt 😮 Mừ điểm
@CongTrancongqcb,"chỉnh gain mic cho hợp lý, sound hơi tệ"
@duyinh7921,anh Nam oi em thấy cái bụng...
@_NguyenVanTruongVu,"Tư duy ngược:"" é hé hé tụi anti nó chê nhưng mà tụi nó vẫn coi hết full tập để chửi tụi mình kìa mấy đứa"""
@FBIonline,Bro cố vấn đề với ngưới hói 🐧🐧
@Emily-eo4df,"Nam mặc đồ sporty đẹp hơn, nhìn đô con với trông cao hơn mà cũng trẻ hơn nữa! Mãi keo!"
@sezyphuongtran7371,Chờ ổng ra …set mà mòn mỏi lun😂 nhưng ko uổng công chờ
@SơnPh-c2i,Tìm cái để chê cx khó :)))
@ChauDinh.19,nay Nam diễn vì có người kêu cảm xúc lên đúng hem? quá tưng bừng luôn nè
@giaphuang6058,"Nam level up quá rõ nét luôn á trời, không cần miếng đại trà miếng nhiều mà Nam lần này dùng miếng tự nhiên và quan trọng là ổng gần như không cần miếng nữa, ổng diễn bằng năng lượng. Mảng miếng lúc này chỉ là hình thức để delivery năng lượng thôi."
@PhátTrầnHồngTuấn,thích coi nhất setx anh Nam
@sean_kang_mvp,có team Hồng Phương Jackie Thảo Bunny zui ghê =))
@HoàngTửBánhChuối,"*_★ _**_3:33_**_ _**_3:41_**_ Miếng này của ông Nam nặng đô thật sự_* 
*_★ _**_7:22_**_ _**_9:29_**_ Ổng callback đỉnh vãi_* 
*_★ _**_10:57_**_ _**_11:47_**_ Học hỏi học hỏi_* 
*_★ Ai cũng đánh giá cao về phần giọng của ông Nam hết và đúng là như vậy , set này ổng dồn gần như là full lực cho quả giọng luôn bởi vậy nghe ổng thở thôi người ta cũng mắc cười nữa quá xuất sắc Phương Nam ơi_*"
@lygiahan283,Tùng BT 🎉
@namhoan1,Ơ ơ xuất xuất sắc :))))
@tnc2k855,Set này lv up vậy :))
@T1_conmanhnhat,bro chỉ cần xuất hiện là buon cuoi roi :)))
@keterscp,tui bị táo bón nhờ coi phương nam nên ỉa mượt lắm
@TênKo-b4b,hayyy quá
@duynguyenha9527,"""Đứa nào"""
@woe.000,hai vl
@03amquanglinh66,rất thích phong cách diễn mới của anh Nam
@zunguyentattooist,11:30 cái chị thứ 2 trái qua hàng thứ 3 mới cãi nhau với bồ mà nhỏ bạn rủ đi coi hài...
@phucnguyen6589,Cứ có Nam diễn là lại cười ko nhặt được mồm 🤣🤣🤣
@ngohoangphuc4903,ông Long bị khai thác dữ quá
@anhungnguyen6122,Tuyệt vời quá anh ơi =))))))))))))))))))))))))))))))))))
@tco4014,Set này đỉnh thực sự luôn
@phannhuquynhho2002,"Dễ thương quá, em cười banh luôn 🤣"
@TangHoài-c5o4j,Dáng anh Nam dạo này ngol hẳn=)))
@ngynbinh2011,ĐỨA NÀOOOO lm tui cười bể bụng thiệt luôn
@vyda4943,:))) mới dô cười phun cơm rồi thề vội quáaa
@congphuctran54,thật sự là trình độ dẫn dắt và biểu diễn của Phương Nam đã phát triển quá nhiều. Respect !!!!!!
@himintdee,"2:00 Hảaa?! How they can think about that!?
3:05 Nam ơi, cho mình hỏi cụ thể là lông gì được không ạ?.... ( edit lần 1 trong khi đang xem )"
@nguyenmanhphuc5327,này ba em là dumamay =))))
@HieuNguyen-hi2lu,Đỉnh cao của sự kỳ vọng
@ncthanh6956,36% joke về anh Long
@hoclammy,dí anh Long quá dị kkkkk
@HuyTruong-tk4gx,"cảm giác lần này Nam diễn rất thoải mái bộc phát dữ , nghe rất giống những nghệ sĩ hài độc thoại nước ngoài =]]]] kiểu tương tác khịa khán giả mà ko kiêng dè gì, xuất xuất xuất... sắc luôn e ơi =]]]]]"
@its100kg,"ông áo đen đeo kính ở ngay giữa đúng ""cảm xúc""thật kk😁"
@DatDang-j8l,❤
@lechunganh2066,Cười rất đã ! Rất sảng khoái nhưng chả cảm nhận được cái mịa dì! Hài là 10 điểm !
@zoen_bill,Set nào của Phương Nam cũng đỉnh vl😂😂😂😂😂😂😂😂
@TangMongKy,Đỉnh nhaa!!
@TramTran-sw9bk,set này Phương Nam đỉnh thật
@TinTucToanCau247,Xuất xuất xuất...sắc luôn Nam ơi❤
@ThaoTramLe,tội anh hói quá🤣😂
@TrầnNguyên-p5u,"đem tai nghe xem,  cười giống con dở hơi, mẹ hỏi "" khùng hả? 😃😀😄😁"
@sunmintola,PN dạo này múp múp cute hen😂
@quyhoanganh5214,Đang tắm mà cười như điện!
@ovkl8151,Ông nam trigger hơi nhìu nha 😂😂😂😂
@tadcao3445,"Hay quá luôn á, xuất xuất xuất… sắc ;)))"
@kiennhano8266,"chống chỉ định cho người đang ăn uống mà coi nha, sặc sụa luôn 😂"
@didaolumnhatkienthuc,"Cười xĩu thiệt, dạo này mặt ô Nam nhìn sáng, đẹp trai hơn"
@CilithusLewiSs,set diễn đầy năng lượng
@DuyTrầnĐỗViệt,PN vẫn là 1 cái level khác :)))
@nonameacc5580,"Ôi cái đệt mẹ, khúc cuối điện ảnh vl😂"
@namtony9999,mới 1p đầu t cười đau cả ruột =)))))))))))
@PhamThien-l3f,Lụm
@vinhhang7222,ảnh phát tướng ta
@nguyennhunguyen5408,set này nội lực quá
@KhangNguyenTuan-b8v,Trong nhóm SGT có mỗi Phương Nam là làm mình cười tắt thở muốn như con điên dậy á trời😅😅
@ngoclinhnguyen9033,Mới phút đầu đã cười chảy nước mắt :)) klq mà dạo này Nam tập gym chăm chỉ hơn hay sao mà nhìn đô quá ta 💪
@CallmeDatnguyen,Đúng là Save the best for last 🎉❤
@Huynguyensgn,xuất xuất...xuất hóa đơn em eiiii :))))
@nguyennguyen.12345,"Set này sao thấy anh Nam ồn hơn bình thường và biểu cảm với cử chỉ cực kì thoải mái luôn, tương tác với khán giả liên tục, coi không bị trì đoạn nào. Thật sự thì với cá nhân mình cảm nhận thì cách anh Nam deliver câu chuyện lần này ""mới"" và ""lạ"" hơn so với các set trước của ảnh, không có gì để chê !! Mình drop Sg tếu cũng gần 1 năm mà tuần này mò các clip xem lại vẫn thích quá"
@ngohoangphuc4903,3:40 :)))
@thongvo5111,cười vc-))))
@ngohoangphuc4903,hài xỉu
@hathao3937,Set diễn này mình đoán sẽ lên triệu view nhanh thôi ạ.
@thkhoa8805,Vẫn hay vẫn duyên dáng vẫn tương tác với khán giả đỉnh
@hathao3937,Đợi set diễn của ổng mà T muốn ốm luôn á trời. Tuyệt vời luôn a ơi❤
@thanhphong9138,cười không kịp thở luôn chớ
@Bright7628,goat comedian
@duchoang7626,"đàn ông sao zạ, đàn bà sao sao á :=)"
@WonderingCommenter,hay v
@meowmeow2274,Duma t đọc cái title là t đã cười như con dở r :))) hay vl
